Workbook
Name 경조사회비: OFFSET(항목!$P$4,0,0,COUNTA(항목!$P$4:$P$18),1)
Name 계정: OFFSET(항목!$B$4,0,0,COUNTA(항목!$B$4:$B$18),1)
Name 계좌명: OFFSET(투자관리!$C$27,0,0,COUNTA(투자관리!$C$27:$C$31),1)
Name 계좌이름: 매매!$C$4:$C$1000
Name 교육계발비: OFFSET(항목!$K$4,0,0,COUNTA(항목!$K$4:$K$18),1)
Name 대분류: 항목!$C$3:$Q$3
Name 매도금액: 매매!$U$4:$U$1000
Name 매도수량: 매매!$T$4:$T$1000
Name 매도월: 매매!$K$4:$K$1000
Name 매도일: 매매!$Q$4:$Q$1000
Name 매수금액: 매매!$J$4:$J$1000
Name 매수수량: 매매!$I$4:$I$1000
Name 매수일: 매매!$G$4:$G$1000
Name 문화생활비: OFFSET(항목!$L$4,0,0,COUNTA(항목!$L$4:$L$18),1)
Name 미용비: OFFSET(항목!$J$4,0,0,COUNTA(항목!$J$4:$J$18),1)
Name 반려동물비: OFFSET(항목!$H$4,0,0,COUNTA(항목!$H$4:$H$18),1)
Name 생활용품비: OFFSET(항목!$G$4,0,0,COUNTA(항목!$G$4:$G$18),1)
Name 소분류: 항목!$C$4:$Q$18
Name 수입: OFFSET(항목!$C$4,0,0,COUNTA(항목!$C$4:$C$18),1)
Name 순매도금액: 매매!$W$4:$W$1000
Name 식비: OFFSET(항목!$E$4,0,0,COUNTA(항목!$E$4:$E$18),1)
Name 용돈지출: OFFSET(항목!$Q$4,0,0,COUNTA(항목!$Q$4:$Q$18),1)
Name 유류교통비: OFFSET(항목!$N$4,0,0,COUNTA(항목!$N$4:$N$18),1)
Name 의료비: OFFSET(항목!$M$4,0,0,COUNTA(항목!$M$4:$M$18),1)
Name 의류비: OFFSET(항목!$I$4,0,0,COUNTA(항목!$I$4:$I$18),1)
Name 저축성지출: OFFSET(항목!$D$4,0,0,COUNTA(항목!$D$4:$D$18),1)
Name 종목명: 매매!$E$4:$E$1000
Name 주거비: OFFSET(항목!$F$4,0,0,COUNTA(항목!$F$4:$F$18),1)
Name 총비용: 매매!$V$4:$V$1000
Name 총손익: 매매!$X$4:$X$1000
Name 통신비: OFFSET(항목!$O$4,0,0,COUNTA(항목!$O$4:$O$18),1)
Name 평가금액: 매매!$O$4:$O$1000
Name 평가손익: 매매!$P$4:$P$1000
Name 항목: OFFSET(항목!$C$3,0,0,1,COUNTA(항목!$C$3:$Q$3))

Sheet 사용안내
B1: 탭다 엑셀 양식 사용 안내
B3: 탭다 블로그 내 엑셀 양식은
B4: 사용 범위를 준수할 경우 모두 무료입니다.
B5: 금지 사항 적발 시 관련법에 의거 제재 및 법적 처벌을 받을 수 있습니다.
B7: O | G7: X
B8: 개인적 비상업적 용도의 사용 | G8: 디자인 무단 도용 및 판매 금지
B9: 온라인 및 오프라인 이용 가능 | G9: 재배포(개인적, 비상업적 용도라도) 금지
B10: 회사원 개인의 회사 내부 보고, 제출, 공유용 | G10: 외부 유출, 대외적 게시 금지
B11: 비영리 단체에서의 사용 | G11: 영리 목적의 강의에 사용 금지
G12: 기타 이에 준하는 모든 상업적 유사 행위 금지
B14: 탭다의 최신 소식을 가장 빨리 받는 방법!
B15: 카카오톡 친구 검색에서 '탭다'를 찾아 친구 추가하기!
B16: 탭다 블로그 북마크 또는 즐겨찾기 http://tabda.tistory.com
B18: 탭다 엑셀 양식이 마음에 드셨나요?
B19: 지금 블로그, SNS에 탭다를 홍보해주세요.
B20: #탭다, #무료엑셀양식, #고퀄리티, #개이득
B21: 여러분들의 우쭈쭈는 저에게 큰 힘이 됩니다.
B23: 탭다 엑셀 양식이 유용하셨나요?
B24: 앞으로도 고퀄리티 엑셀 양식이 꾸준히
B25: 만들어질 수 있도록 탭다를 후원해주세요.
B26: 여러분들의 피드백에 더 나은 컨텐츠 제작으로 보답하겠습니다.
B28: 네이버 페이 포인트 선물하기 : mkjang0202(네이버 앱→메뉴→네이버 페이→포인트 선물)
... B30: 문의 : 카카오톡 1:1 오픈채팅에서 '탭다' 검색
C31: 오픈채팅 입장 링크 및 QR코드 → | G31: https://open.kakao.com/o/s3L8L5Tb
B34: ※ 사용안내 시트를 제외하고는 시트보호 암호가 걸려있지 않습니다. 필요하신 경우 사용안내 시트를 삭제하세요.
B35: ※ PC 자체에서 매크로가 포함된 파일을 자동으로 차단하기도 합니다. 보안 관련은 질문주셔도 잘 모릅니다ㅜ 경고문구 키워드로 검색해보시길 추천드립니다.

Sheet 메인
B1: ="▶ "&$R$3&"년 가계부" -> ▶ 2025년 가계부
D3: =$R$3&"년 재무목표" -> 2025년 재무목표 | J3: =$R$3&"년 재무일정" -> 2025년 재무일정 | R3: 2025
B4: ▷ 항목설정 | D4: 매월 저축 및 투자 250만원 이상 | J4: 매년 1월 신용카드 연회비 지출
B5: ▷ 수입 | D5: 추가 종자돈 3천만원 모으기 | J5: 1월 7월 부가세, 4월, 10월 예정고지
B6: └ 연간 항목별 수입
B7: ▷ 지출 | Q7: 월목표저축액 | R7: 2500000
B8: └ 연간 카드별 지출 | Q8: 월목표저축률 | R8: 0.6
B9: └ 연간 항목별 지출
B10: └ 연간 세부항목별 지출 | D10: 월별 리포트
B11: ▷ 예산 | E11: 1 | F11: 2 | G11: 3 | H11: 4 | I11: 5 | J11: 6 | K11: 7 | L11: 8 | M11: 9 | N11: 10 | O11: 11 | P11: 12 | Q11: 계 | R11: 평균
B12: ▷ 결산 | D12: 이월 | E12: =SUMIF('1월'!$D$33:$D$145,"이월",'1월'!$H$33:$H$145) -> 0 | F12: =SUMIF('2월'!$D$33:$D$145,"이월",'2월'!$H$33:$H$145) -> 0 | G12: =SUMIF('3월'!$D$33:$D$145,"이월",'3월'!$H$33:$H$145) -> 0 | H12: =SUMIF('4월'!$D$34:$D$145,"이월",'4월'!$H$34:$H$145) -> 0 | I12: =SUMIF('5월'!$D$33:$D$145,"이월",'5월'!$H$33:$H$145) -> 0 | J12: =SUMIF('6월'!$D$33:$D$145,"이월",'6월'!$H$33:$H$145) -> 0 | K12: =SUMIF('7월'!$D$33:$D$145,"이월",'7월'!$H$33:$H$145) -> 0 | L12: =SUMIF('8월'!$D$33:$D$145,"이월",'8월'!$H$33:$H$145) -> 0 | M12: =SUMIF('9월'!$D$33:$D$145,"이월",'9월'!$H$33:$H$145) -> 0 | N12: =SUMIF('10월'!$D$33:$D$145,"이월",'10월'!$H$33:$H$145) -> 0 | O12: =SUMIF('11월'!$D$33:$D$145,"이월",'11월'!$H$33:$H$145) -> 0 | P12: =SUMIF('12월'!$D$33:$D$145,"이월",'12월'!$H$33:$H$145) -> 0 | Q12: =SUM(E12:P12) -> 0 | R12: =SUM(E12:P12)/COUNTIF(E12:P12,"<>0") -> #DIV/0!
B13: ▷ 자산현황 | D13: 순수입 | E13: =연간_항목별수입!C20 -> 3515000 | F13: =연간_항목별수입!D20 -> 0 | G13: =연간_항목별수입!E20 -> 0 | H13: =연간_항목별수입!F20 -> 0 | I13: =연간_항목별수입!G20 -> 0 | J13: =연간_항목별수입!H20 -> 0 | K13: =연간_항목별수입!I20 -> 0 | L13: =연간_항목별수입!J20 -> 0 | ... P13: =연간_항목별수입!N20 -> 0 | Q13: =SUM(E13:P13) -> 3515000 | R13: =SUM(E13:P13)/COUNTIF(E13:P13,"<>0") -> 3515000
D14: 총지출 | E14: =연간_항목별지출!C19 -> 3295100 | F14: =연간_항목별지출!D19 -> 0 | G14: =연간_항목별지출!E19 -> 0 | H14: =연간_항목별지출!F19 -> 0 | I14: =연간_항목별지출!G19 -> 0 | J14: =연간_항목별지출!H19 -> 0 | K14: =연간_항목별지출!I19 -> 0 | L14: =연간_항목별지출!J19 -> 0 | ... P14: =연간_항목별지출!N19 -> 0 | Q14: =SUM(E14:P14) -> 3295100 | R14: =SUM(E14:P14)/COUNTIF(E14:P14,"<>0") -> 3295100
D15: 저축성지출 | E15: =연간_항목별지출!C4 -> 2350000 | F15: =연간_항목별지출!D4 -> 0 | G15: =연간_항목별지출!E4 -> 0 | H15: =연간_항목별지출!F4 -> 0 | I15: =연간_항목별지출!G4 -> 0 | J15: =연간_항목별지출!H4 -> 0 | K15: =연간_항목별지출!I4 -> 0 | L15: =연간_항목별지출!J4 -> 0 | ... P15: =연간_항목별지출!N4 -> 0 | Q15: =SUM(E15:P15) -> 2350000 | R15: =SUM(E15:P15)/COUNTIF(E15:P15,"<>0") -> 2350000
D16: 소비성지출 | E16: =연간_항목별지출!C5 -> 945100 | F16: =연간_항목별지출!D5 -> 0 | G16: =연간_항목별지출!E5 -> 0 | H16: =연간_항목별지출!F5 -> 0 | I16: =연간_항목별지출!G5 -> 0 | J16: =연간_항목별지출!H5 -> 0 | K16: =연간_항목별지출!I5 -> 0 | L16: =연간_항목별지출!J5 -> 0 | ... P16: =연간_항목별지출!N5 -> 0 | Q16: =SUM(E16:P16) -> 945100 | R16: =SUM(E16:P16)/COUNTIF(E16:P16,"<>0") -> 945100
D17: 잔액 | E17: =E12+E13-E14 -> 219900 | F17: =F12+F13-F14 -> 0 | G17: =G12+G13-G14 -> 0 | H17: =H12+H13-H14 -> 0 | I17: =I12+I13-I14 -> 0 | J17: =J12+J13-J14 -> 0 | K17: =K12+K13-K14 -> 0 | L17: =L12+L13-L14 -> 0 | ... P17: =P12+P13-P14 -> 0 | Q17: =SUM(E17:P17) -> 219900 | R17: =SUM(E17:P17)/COUNTIF(E17:P17,"<>0") -> 219900
D18: 이월금 제외 | E18: =E17-F12 -> 219900 | F18: =F17-G12 -> 0 | G18: =G17-H12 -> 0 | H18: =H17-I12 -> 0 | I18: =I17-J12 -> 0 | J18: =J17-K12 -> 0 | K18: =K17-L12 -> 0 | L18: =L17-M12 -> 0 | ... O18: =O17-P12 -> 0 | P18: 0 | Q18: =SUM(E18:P18) -> 219900
D19: 저축비율 | E19: =IF(E14=0,"",E15/E14) -> 0.71318018 | F19: =IF(F14=0,"",F15/F14) | G19: =IF(G14=0,"",G15/G14) | H19: =IF(H14=0,"",H15/H14) | I19: =IF(I14=0,"",I15/I14) | J19: =IF(J14=0,"",J15/J14) | K19: =IF(K14=0,"",K15/K14) | L19: =IF(L14=0,"",L15/L14) | ... Q19: =IF(Q14=0,"",Q15/Q14) -> 0.71318018
D20: 소비비율 | E20: =IF(E14=0,"",E16/E14) -> 0.28681982 | F20: =IF(F14=0,"",F16/F14) | G20: =IF(G14=0,"",G16/G14) | H20: =IF(H14=0,"",H16/H14) | I20: =IF(I14=0,"",I16/I14) | J20: =IF(J14=0,"",J16/J14) | K20: =IF(K14=0,"",K16/K14) | L20: =IF(L14=0,"",L16/L14) | ... Q20: =IF(Q14=0,"",Q16/Q14) -> 0.28681982
D21: 계 | E21: =IF(E19="","",SUM(E19:E20)) -> 1 | F21: =IF(F19="","",SUM(F19:F20)) | G21: =IF(G19="","",SUM(G19:G20)) | H21: =IF(H19="","",SUM(H19:H20)) | I21: =IF(I19="","",SUM(I19:I20)) | J21: =IF(J19="","",SUM(J19:J20)) | K21: =IF(K19="","",SUM(K19:K20)) | L21: =IF(L19="","",SUM(L19:L20)) | ... Q21: =IF(Q19="","",SUM(Q19:Q20)) -> 1
D23: 월별 순수입 및 총지출
D40: 월간 항목별 지출 차트
D41: 1월
D42: 2월
D43: 3월
D44: 4월
D45: 5월
D46: 6월
D47: 7월
D48: 8월
D49: 9월
D50: 10월
... D195: 12월

Sheet 항목
B1: ◀ 항목
B3: 지출구분 | C3: 수입 | D3: 저축성지출 | E3: 식비 | F3: 주거비 | G3: 생활용품비 | H3: 반려동물비 | I3: 의류미용비 | J3: 교육비 | K3: 문화생활비 | L3: 의료비 | M3: 유류교통비 | N3: 통신비 | O3: 경조사회비 | P3: 용돈 | Q3: 추가항목
B4: 계좌이체 | C4: 이월 | D4: 예/적금 | E4: 시장/마트 | F4: 재산세 | G4: 가구/가전 | H4: 사료/간식 | I4: 의류 | J4: 학교 | K4: 영화/관람 | L4: 병원 | M4: 자동차보험 | N4: 핸드폰 | O4: 축의금 | P4: 부모님 용돈 | Q4: 필요한 것
B5: 현금 | C5: 급여 | D5: 주택청약 | E5: 외식/배달 | F5: 월세 | G5: 주방/욕실 | H5: 용품/장난감 | I5: 패션잡화 | J5: 학원 | K5: 여가 | L5: 의약품 | M5: 자동차할부 | N5: 인터넷 | O5: 조의금 | P5: 첫째 용돈 | Q5: 추가하세요
B6: 00신용 | C6: 수당 | D6: 퇴직연금 | E6: 간식 | F6: 주담대 이자 | G6: 오피스/문구 | H6: 병원/접종 | I6: 세탁비 | J6: 도서 | K6: 여행 | L6: 영양제 | M6: 자동차세 | N6: IPTV | O6: 기부금 | P6: 기타 용돈
B7: 00체크 | C7: 상여 | D7: 비상금 | E7: 술/회식 | F7: 주담대 원금 | G7: 멤버십 | H7: 미용 | I7: 기타 의류 | J7: 강의 | K7: OTT | L7: 보험료 | M7: 유류비/충전비 | N7: 우편/택배 | O7: 모임회비
C8: 투자수익 | D8: 투자 | E8: 커피숍 | F8: 관리비 | G8: 기타 생활용품 | H8: 기타 반려동물 | I8: 화장품 | J8: 기타 교육 | K8: 기타 문화생활 | L8: 기타 의료비 | M8: 수리비 | N8: 기타 통신 | O8: 선물
C9: 이자 | D9: 기타 저축 | E9: 기타 식비 | F9: 수도세 | G9: 기타 잡지출 | I9: 미용실 | M9: 톨비/하이패스 | O9: 기타 경조사
C10: 부수익 | F10: 전기세 | I10: 기타 미용 | M10: 주차비
C11: 처분소득 | F11: 가스비 | M11: 버스/지하철
C12: 기타 수입 | F12: 기타 주거비 | M12: 택시
M13: 기차
M14: 항공
M15: 기타 교통

Sheet 1월
A1: =메인!$R$3 -> 2025 | B1: ◀ 01월 ▶
A2: =메인!$E$11 -> 1
B5: 총 수입 | C5: =SUM($C$32+$C$56) -> 3515000 | J5: 이번달 목표 | P5: 필수지출
B6: 총 지출 | C6: =SUM($K$32+$L$56) -> 3295100 | J6: 무지출 20일 이상 달성하기! | P6: 00신용 결제 12일 - 잔액 확인
B7: 차액 | C7: =$C$5-$C$6 -> 219900 | J7: 변동지출 10만원 이하로 쓰기! | P7: 친구 축의금 내야함!
G8: 무지출 성공 | H8: =COUNTIF(B10:H28,"무지출") -> 28
B9: 변동지출 달력 | J9: 소비성 지출 분석
B10: 일 | C10: 월 | D10: 화 | E10: 수 | F10: 목 | G10: 금 | H10: 토 | J10: 항목 | K10: 지출계 | L10: 예산 | M10: 예산대비 | N10: 전월지출 | O10: 전월대비
B11: =DATE($A$1,$A$2,1)-WEEKDAY(DATE($A$1,$A$2,1))+1 -> 45655 | C11: =B11+1 -> 45656 | D11: =C11+1 -> 45657 | E11: =D11+1 -> 45658 | F11: =E11+1 -> 45659 | G11: =F11+1 -> 45660 | H11: =G11+1 -> 45661 | J11: =항목!J$3 -> 교육비 | K11: =SUMIF($L$58:$L$300,J11,$R$58:$R$300) -> 500000 | L11: =VLOOKUP(J11,예산!$B$41:$N$53,2,FALSE) -> 500000 | M11: =L11-K11 -> 0
B12: =IF(MONTH(B11)<>$A$2,"",IF(AND(SUMIF($J$81:$J$145,B11,$R$81:$R$145)=0,B11<TODAY()),"무지출",SUMIF($J$81:$J$145,B11,$R$81:$R$145))) | C12: =IF(MONTH(C11)<>$A$2,"",IF(AND(SUMIF($J$81:$J$145,C11,$R$81:$R$145)=0,C11<TODAY()),"무지출",SUMIF($J$81:$J$145,C11,$R$81:$R$145))) | D12: =IF(MONTH(D11)<>$A$2,"",IF(AND(SUMIF($J$81:$J$145,D11,$R$81:$R$145)=0,D11<TODAY()),"무지출",SUMIF($J$81:$J$145,D11,$R$81:$R$145))) | E12: =IF(MONTH(E11)<>$A$2,"",IF(AND(SUMIF($J$81:$J$145,E11,$R$81:$R$145)=0,E11<TODAY()),"무지출",SUMIF($J$81:$J$145,E11,$R$81:$R$145))) -> 10000 | F12: =IF(MONTH(F11)<>$A$2,"",IF(AND(SUMIF($J$81:$J$145,F11,$R$81:$R$145)=0,F11<TODAY()),"무지출",SUMIF($J$81:$J$145,F11,$R$81:$R$145))) -> 무지출 | G12: =IF(MONTH(G11)<>$A$2,"",IF(AND(SUMIF($J$81:$J$145,G11,$R$81:$R$145)=0,G11<TODAY()),"무지출",SUMIF($J$81:$J$145,G11,$R$81:$R$145))) -> 무지출 | H12: =IF(MONTH(H11)<>$A$2,"",IF(AND(SUMIF($J$81:$J$145,H11,$R$81:$R$145)=0,H11<TODAY()),"무지출",SUMIF($J$81:$J$145,H11,$R$81:$R$145))) -> 무지출 | J12: =항목!F$3 -> 주거비 | K12: =SUMIF($L$58:$L$300,J12,$R$58:$R$300) -> 200000 | L12: =VLOOKUP(J12,예산!$B$41:$N$53,2,FALSE) -> 200000 | M12: =L12-K12 -> 0
J13: =항목!O$3 -> 경조사회비 | K13: =SUMIF($L$58:$L$300,J13,$R$58:$R$300) -> 150000 | L13: =VLOOKUP(J13,예산!$B$41:$N$53,2,FALSE) -> 50000 | M13: =L13-K13 -> -100000
B14: =B11+7 -> 45662 | C14: =C11+7 -> 45663 | D14: =D11+7 -> 45664 | E14: =E11+7 -> 45665 | F14: =F11+7 -> 45666 | G14: =G11+7 -> 45667 | H14: =H11+7 -> 45668 | J14: =항목!E$3 -> 식비 | K14: =SUMIF($L$58:$L$300,J14,$R$58:$R$300) -> 53100 | L14: =VLOOKUP(J14,예산!$B$41:$N$53,2,FALSE) -> 50000 | M14: =L14-K14 -> -3100
B15: =IF(MONTH(B14)<>$A$2,"",IF(AND(SUMIF($J$81:$J$145,B14,$R$81:$R$145)=0,B14<TODAY()),"무지출",SUMIF($J$81:$J$145,B14,$R$81:$R$145))) -> 3700 | C15: =IF(MONTH(C14)<>$A$2,"",IF(AND(SUMIF($J$81:$J$145,C14,$R$81:$R$145)=0,C14<TODAY()),"무지출",SUMIF($J$81:$J$145,C14,$R$81:$R$145))) -> 무지출 | D15: =IF(MONTH(D14)<>$A$2,"",IF(AND(SUMIF($J$81:$J$145,D14,$R$81:$R$145)=0,D14<TODAY()),"무지출",SUMIF($J$81:$J$145,D14,$R$81:$R$145))) -> 무지출 | E15: =IF(MONTH(E14)<>$A$2,"",IF(AND(SUMIF($J$81:$J$145,E14,$R$81:$R$145)=0,E14<TODAY()),"무지출",SUMIF($J$81:$J$145,E14,$R$81:$R$145))) -> 무지출 | F15: =IF(MONTH(F14)<>$A$2,"",IF(AND(SUMIF($J$81:$J$145,F14,$R$81:$R$145)=0,F14<TODAY()),"무지출",SUMIF($J$81:$J$145,F14,$R$81:$R$145))) -> 무지출 | G15: =IF(MONTH(G14)<>$A$2,"",IF(AND(SUMIF($J$81:$J$145,G14,$R$81:$R$145)=0,G14<TODAY()),"무지출",SUMIF($J$81:$J$145,G14,$R$81:$R$145))) -> 무지출 | H15: =IF(MONTH(H14)<>$A$2,"",IF(AND(SUMIF($J$81:$J$145,H14,$R$81:$R$145)=0,H14<TODAY()),"무지출",SUMIF($J$81:$J$145,H14,$R$81:$R$145))) -> 무지출 | J15: =항목!N$3 -> 통신비 | K15: =SUMIF($L$58:$L$300,J15,$R$58:$R$300) -> 20000 | L15: =VLOOKUP(J15,예산!$B$41:$N$53,2,FALSE) -> 50000 | M15: =L15-K15 -> 30000
J16: =항목!L$3 -> 의료비 | K16: =SUMIF($L$58:$L$300,J16,$R$58:$R$300) -> 12000 | L16: =VLOOKUP(J16,예산!$B$41:$N$53,2,FALSE) -> 12000 | M16: =L16-K16 -> 0
B17: =B11+14 -> 45669 | C17: =C11+14 -> 45670 | D17: =D11+14 -> 45671 | E17: =E11+14 -> 45672 | F17: =F11+14 -> 45673 | G17: =G11+14 -> 45674 | H17: =H11+14 -> 45675 | J17: =항목!K$3 -> 문화생활비 | K17: =SUMIF($L$58:$L$300,J17,$R$58:$R$300) -> 10000 | L17: =VLOOKUP(J17,예산!$B$41:$N$53,2,FALSE) -> 0 | M17: =L17-K17 -> -10000
B18: =IF(MONTH(B17)<>$A$2,"",IF(AND(SUMIF($J$81:$J$145,B17,$R$81:$R$145)=0,B17<TODAY()),"무지출",SUMIF($J$81:$J$145,B17,$R$81:$R$145))) -> 무지출 | C18: =IF(MONTH(C17)<>$A$2,"",IF(AND(SUMIF($J$81:$J$145,C17,$R$81:$R$145)=0,C17<TODAY()),"무지출",SUMIF($J$81:$J$145,C17,$R$81:$R$145))) -> 무지출 | D18: =IF(MONTH(D17)<>$A$2,"",IF(AND(SUMIF($J$81:$J$145,D17,$R$81:$R$145)=0,D17<TODAY()),"무지출",SUMIF($J$81:$J$145,D17,$R$81:$R$145))) -> 무지출 | E18: =IF(MONTH(E17)<>$A$2,"",IF(AND(SUMIF($J$81:$J$145,E17,$R$81:$R$145)=0,E17<TODAY()),"무지출",SUMIF($J$81:$J$145,E17,$R$81:$R$145))) -> 무지출 | F18: =IF(MONTH(F17)<>$A$2,"",IF(AND(SUMIF($J$81:$J$145,F17,$R$81:$R$145)=0,F17<TODAY()),"무지출",SUMIF($J$81:$J$145,F17,$R$81:$R$145))) -> 149400 | G18: =IF(MONTH(G17)<>$A$2,"",IF(AND(SUMIF($J$81:$J$145,G17,$R$81:$R$145)=0,G17<TODAY()),"무지출",SUMIF($J$81:$J$145,G17,$R$81:$R$145))) -> 무지출 | H18: =IF(MONTH(H17)<>$A$2,"",IF(AND(SUMIF($J$81:$J$145,H17,$R$81:$R$145)=0,H17<TODAY()),"무지출",SUMIF($J$81:$J$145,H17,$R$81:$R$145))) -> 무지출 | J18: =항목!G$3 -> 생활용품비 | K18: =SUMIF($L$58:$L$300,J18,$R$58:$R$300) -> 0 | L18: =VLOOKUP(J18,예산!$B$41:$N$53,2,FALSE) -> 30000 | M18: =L18-K18 -> 30000
J19: =항목!P$3 -> 용돈 | K19: =SUMIF($L$58:$L$300,J19,$R$58:$R$300) -> 0 | L19: =VLOOKUP(J19,예산!$B$41:$N$53,2,FALSE) -> 50000 | M19: =L19-K19 -> 50000
B20: =B11+21 -> 45676 | C20: =C11+21 -> 45677 | D20: =D11+21 -> 45678 | E20: =E11+21 -> 45679 | F20: =F11+21 -> 45680 | G20: =G11+21 -> 45681 | H20: =H11+21 -> 45682 | J20: =항목!M$3 -> 유류교통비 | K20: =SUMIF($L$58:$L$300,J20,$R$58:$R$300) -> 0 | L20: =VLOOKUP(J20,예산!$B$41:$N$53,2,FALSE) -> 100000 | M20: =L20-K20 -> 100000
B21: =IF(MONTH(B20)<>$A$2,"",IF(AND(SUMIF($J$81:$J$145,B20,$R$81:$R$145)=0,B20<TODAY()),"무지출",SUMIF($J$81:$J$145,B20,$R$81:$R$145))) -> 무지출 | C21: =IF(MONTH(C20)<>$A$2,"",IF(AND(SUMIF($J$81:$J$145,C20,$R$81:$R$145)=0,C20<TODAY()),"무지출",SUMIF($J$81:$J$145,C20,$R$81:$R$145))) -> 무지출 | D21: =IF(MONTH(D20)<>$A$2,"",IF(AND(SUMIF($J$81:$J$145,D20,$R$81:$R$145)=0,D20<TODAY()),"무지출",SUMIF($J$81:$J$145,D20,$R$81:$R$145))) -> 무지출 | E21: =IF(MONTH(E20)<>$A$2,"",IF(AND(SUMIF($J$81:$J$145,E20,$R$81:$R$145)=0,E20<TODAY()),"무지출",SUMIF($J$81:$J$145,E20,$R$81:$R$145))) -> 무지출 | F21: =IF(MONTH(F20)<>$A$2,"",IF(AND(SUMIF($J$81:$J$145,F20,$R$81:$R$145)=0,F20<TODAY()),"무지출",SUMIF($J$81:$J$145,F20,$R$81:$R$145))) -> 무지출 | G21: =IF(MONTH(G20)<>$A$2,"",IF(AND(SUMIF($J$81:$J$145,G20,$R$81:$R$145)=0,G20<TODAY()),"무지출",SUMIF($J$81:$J$145,G20,$R$81:$R$145))) -> 무지출 | H21: =IF(MONTH(H20)<>$A$2,"",IF(AND(SUMIF($J$81:$J$145,H20,$R$81:$R$145)=0,H20<TODAY()),"무지출",SUMIF($J$81:$J$145,H20,$R$81:$R$145))) -> 무지출 | J21: =항목!H$3 -> 반려동물비 | K21: =SUMIF($L$58:$L$300,J21,$R$58:$R$300) -> 0 | L21: =VLOOKUP(J21,예산!$B$41:$N$53,2,FALSE) -> 10000 | M21: =L21-K21 -> 10000
J22: =항목!I$3 -> 의류미용비 | K22: =SUMIF($L$58:$L$300,J22,$R$58:$R$300) -> 0 | L22: =VLOOKUP(J22,예산!$B$41:$N$53,2,FALSE) -> 10000 | M22: =L22-K22 -> 10000
B23: =B11+28 -> 45683 | C23: =C11+28 -> 45684 | D23: =D11+28 -> 45685 | E23: =E11+28 -> 45686 | F23: =F11+28 -> 45687 | G23: =G11+28 -> 45688 | H23: =H11+28 -> 45689 | J23: =항목!Q$3 -> 추가항목 | K23: =SUMIF($L$58:$L$300,J23,$R$58:$R$300) -> 0 | L23: =VLOOKUP(J23,예산!$B$41:$N$53,2,FALSE) -> 0 | M23: =L23-K23 -> 0
B24: =IF(MONTH(B23)<>$A$2,"",IF(AND(SUMIF($J$81:$J$145,B23,$R$81:$R$145)=0,B23<TODAY()),"무지출",SUMIF($J$81:$J$145,B23,$R$81:$R$145))) -> 무지출 | C24: =IF(MONTH(C23)<>$A$2,"",IF(AND(SUMIF($J$81:$J$145,C23,$R$81:$R$145)=0,C23<TODAY()),"무지출",SUMIF($J$81:$J$145,C23,$R$81:$R$145))) -> 무지출 | D24: =IF(MONTH(D23)<>$A$2,"",IF(AND(SUMIF($J$81:$J$145,D23,$R$81:$R$145)=0,D23<TODAY()),"무지출",SUMIF($J$81:$J$145,D23,$R$81:$R$145))) -> 무지출 | E24: =IF(MONTH(E23)<>$A$2,"",IF(AND(SUMIF($J$81:$J$145,E23,$R$81:$R$145)=0,E23<TODAY()),"무지출",SUMIF($J$81:$J$145,E23,$R$81:$R$145))) -> 무지출 | F24: =IF(MONTH(F23)<>$A$2,"",IF(AND(SUMIF($J$81:$J$145,F23,$R$81:$R$145)=0,F23<TODAY()),"무지출",SUMIF($J$81:$J$145,F23,$R$81:$R$145))) -> 무지출 | G24: =IF(MONTH(G23)<>$A$2,"",IF(AND(SUMIF($J$81:$J$145,G23,$R$81:$R$145)=0,G23<TODAY()),"무지출",SUMIF($J$81:$J$145,G23,$R$81:$R$145))) -> 무지출 | H24: =IF(MONTH(H23)<>$A$2,"",IF(AND(SUMIF($J$81:$J$145,H23,$R$81:$R$145)=0,H23<TODAY()),"무지출",SUMIF($J$81:$J$145,H23,$R$81:$R$145)))
J25: MEMO
B26: =B11+35 -> 45690 | C26: =C11+35 -> 45691 | D26: =D11+35 -> 45692 | E26: =E11+35 -> 45693 | F26: =F11+35 -> 45694 | G26: =G11+35 -> 45695 | H26: =H11+35 -> 45696 | J26: 식비를 예산보다 조금 많이 썼다. 다음달에는 냉장고 파먹기를 해서 한끼만큼 식비를 줄여야겠다.
B27: =IF(MONTH(B26)<>$A$2,"",IF(AND(SUMIF($J$81:$J$145,B26,$R$81:$R$145)=0,B26<TODAY()),"무지출",SUMIF($J$81:$J$145,B26,$R$81:$R$145))) | C27: =IF(MONTH(C26)<>$A$2,"",IF(AND(SUMIF($J$81:$J$145,C26,$R$81:$R$145)=0,C26<TODAY()),"무지출",SUMIF($J$81:$J$145,C26,$R$81:$R$145))) | D27: =IF(MONTH(D26)<>$A$2,"",IF(AND(SUMIF($J$81:$J$145,D26,$R$81:$R$145)=0,D26<TODAY()),"무지출",SUMIF($J$81:$J$145,D26,$R$81:$R$145))) | E27: =IF(MONTH(E26)<>$A$2,"",IF(AND(SUMIF($J$81:$J$145,E26,$R$81:$R$145)=0,E26<TODAY()),"무지출",SUMIF($J$81:$J$145,E26,$R$81:$R$145))) | F27: =IF(MONTH(F26)<>$A$2,"",IF(AND(SUMIF($J$81:$J$145,F26,$R$81:$R$145)=0,F26<TODAY()),"무지출",SUMIF($J$81:$J$145,F26,$R$81:$R$145))) | G27: =IF(MONTH(G26)<>$A$2,"",IF(AND(SUMIF($J$81:$J$145,G26,$R$81:$R$145)=0,G26<TODAY()),"무지출",SUMIF($J$81:$J$145,G26,$R$81:$R$145))) | H27: =IF(MONTH(H26)<>$A$2,"",IF(AND(SUMIF($J$81:$J$145,H26,$R$81:$R$145)=0,H26<TODAY()),"무지출",SUMIF($J$81:$J$145,H26,$R$81:$R$145))) | J27: 지난달 예산에서는 생각못한 축의금 지출이 있었지만 비상금에서 쓰지 않고 다른 지출을 줄였다! 칭찬!
B30: 수입 | J30: 지출
B32: 고정수입 | C32: =SUM($H$34:$H$53) -> 3500000 | J32: 저축성지출 | K32: =SUM($R$34:$R$53) -> 2350000
B33: 날짜 | C33: 대분류 | D33: 소분류 | E33: 내용 | H33: 금액 | J33: 날짜 | K33: 구분 | L33: 대분류 | M33: 소분류 | N33: 지출 내용 | P33: 결제금액 | Q33: 할인 | R33: 실지출 | S33: 비고
B34: 45658 | C34: 수입 | D34: 급여 | E34: 월급 | H34: 3500000 | J34: 45658 | K34: 계좌이체 | L34: 저축성지출 | M34: 예/적금 | N34: 적금 | P34: 500000 | Q34: 0 | R34: =IF(P34="","",P34-Q34) -> 500000 | S34: 매월 5일 출금
J35: 45658 | K35: 계좌이체 | L35: 저축성지출 | M35: 퇴직연금 | N35: 개인 연금 | P35: 250000 | Q35: 0 | R35: =IF(P35="","",P35-Q35) -> 250000
J36: 45658 | K36: 계좌이체 | L36: 저축성지출 | M36: 주택청약 | N36: 주택청약 | P36: 100000 | Q36: 0 | R36: =IF(P36="","",P36-Q36) -> 100000
J37: 45658 | K37: 계좌이체 | L37: 저축성지출 | M37: 비상금 | N37: 비상금 | P37: 1500000 | Q37: 0 | R37: =IF(P37="","",P37-Q37) -> 1500000
R38: =IF(P38="","",P38-Q38)
R39: =IF(P39="","",P39-Q39)
R40: =IF(P40="","",P40-Q40)
R41: =IF(P41="","",P41-Q41)
R42: =IF(P42="","",P42-Q42)
R43: =IF(P43="","",P43-Q43)
R44: =IF(P44="","",P44-Q44)
R45: =IF(P45="","",P45-Q45)
R46: =IF(P46="","",P46-Q46)
R47: =IF(P47="","",P47-Q47)
R48: =IF(P48="","",P48-Q48)
R49: =IF(P49="","",P49-Q49)
... R53: =IF(P53="","",P53-Q53)
K55: 총 예산 | L55: =예산!C40 -> 1062000
B56: 부가수입 | C56: =SUM($H$58:$H$354) -> 15000 | J56: 고정지출 | K56: 실지출 계 | L56: =SUM($R$58:$R$300) -> 945100
B57: 날짜 | C57: 대분류 | D57: 소분류 | E57: 내용 | H57: 금액 | J57: 날짜 | K57: 구분 | L57: 대분류 | M57: 소분류 | N57: 지출 내용 | P57: 결제금액 | Q57: 할인 | R57: 실지출 | S57: 예산 잔액 | T57: 비고
B58: 45658 | C58: 수입 | D58: 부수익 | E58: 부수익 | H58: 5000 | J58: 45658 | K58: 현금 | L58: 주거비 | M58: 관리비 | N58: 관리비 | P58: 200000 | Q58: 0 | R58: =IF(P58="","",P58-Q58) -> 200000 | S58: =IF(R58="","",L55-R58) -> 862000 | T58: 5일 출금 예정 | V58: +) 메모를 모두 삭제하시려면
B59: 45660 | C59: 수입 | D59: 처분소득 | E59: 당근마켓 판매 | H59: 10000 | J59: 45658 | K59: 현금 | L59: 의료비 | M59: 보험료 | N59: 실비 보험 | P59: 12000 | Q59: 0 | R59: =IF(P59="","",P59-Q59) -> 12000 | S59: =IF(R59="","",S58-R59) -> 850000 | T59: 6일 출금 예정 | V59: 범위를 크게 잡아 드래그 하신 뒤
J60: 45658 | K60: 현금 | L60: 경조사회비 | M60: 기부금 | N60: 기부 | P60: 50000 | Q60: 0 | R60: =IF(P60="","",P60-Q60) -> 50000 | S60: =IF(R60="","",S59-R60) -> 800000 | T60: 10일 출금 예정 | V60: 마우스 오른쪽 - 메모 삭제를 클릭해세요
J61: 45658 | K61: 00신용 | L61: 통신비 | M61: 핸드폰 | N61: 핸드폰비 | P61: 20000 | Q61: 0 | R61: =IF(P61="","",P61-Q61) -> 20000 | S61: =IF(R61="","",S60-R61) -> 780000 | T61: 11일 결제 예정
J62: 45658 | K62: 현금 | L62: 교육비 | M62: 학원 | N62: 학원비 | P62: 500000 | Q62: 0 | R62: =IF(P62="","",P62-Q62) -> 500000 | S62: =IF(R62="","",S61-R62) -> 280000 | T62: 15일 지출 예정
R63: =IF(P63="","",P63-Q63) | S63: =IF(R63="","",S62-R63)
R64: =IF(P64="","",P64-Q64) | S64: =IF(R64="","",S63-R64)
R65: =IF(P65="","",P65-Q65) | S65: =IF(R65="","",S64-R65)
R66: =IF(P66="","",P66-Q66) | S66: =IF(R66="","",S65-R66)
R67: =IF(P67="","",P67-Q67) | S67: =IF(R67="","",S66-R67)
R68: =IF(P68="","",P68-Q68) | S68: =IF(R68="","",S67-R68)
R69: =IF(P69="","",P69-Q69) | S69: =IF(R69="","",S68-R69)
R70: =IF(P70="","",P70-Q70) | S70: =IF(R70="","",S69-R70)
R71: =IF(P71="","",P71-Q71) | S71: =IF(R71="","",S70-R71)
R72: =IF(P72="","",P72-Q72) | S72: =IF(R72="","",S71-R72)
R73: =IF(P73="","",P73-Q73) | S73: =IF(R73="","",S72-R73)
R74: =IF(P74="","",P74-Q74) | S74: =IF(R74="","",S73-R74)
... R77: =IF(P77="","",P77-Q77) | S77: =IF(R77="","",S76-R77)
S78: =IF(R78="","",S77-R78)
J79: 변동지출 | R79: 변동지출 예산 | S79: =L55-SUM(P58:P77) -> 280000
J80: 날짜 | K80: 구분 | L80: 대분류 | M80: 소분류 | N80: 지출 내용 | P80: 결제금액 | Q80: 할인 | R80: 실지출 | S80: 예산 잔액 | T80: 비고
J81: 45658 | K81: 00신용 | L81: 문화생활비 | M81: 영화/관람 | N81: 영화 | P81: 15000 | Q81: 5000 | R81: =IF(P81="","",P81-Q81) -> 10000 | S81: =IF(R81="","",S79-R81) -> 270000 | T81: 5천원 할인권 | V81: https://blog.naver.com/mkjang0202/222983209628
J82: 45662 | K82: 00체크 | L82: 식비 | M82: 커피숍 | N82: 카페 | P82: 3800 | Q82: 100 | R82: =IF(P82="","",P82-Q82) -> 3700 | S82: =IF(R82="","",S81-R82) -> 266300 | T82: 100원 캐시백 | V82: ↑ 신용카드 지출, 1/n 정산 등 가계부 작성 팁이 궁금하시다면 해당 포스팅을 참고해보세요
J83: 45673 | K83: 00신용 | L83: 식비 | M83: 시장/마트 | N83: 00마트 장보기 | P83: 52000 | Q83: =P83*0.05 -> 2600 | R83: =IF(P83="","",P83-Q83) -> 49400 | S83: =IF(R83="","",S82-R83) -> 216900 | T83: 5% 카드할인
J84: 45673 | K84: 계좌이체 | L84: 경조사회비 | M84: 축의금 | N84: 축의금 | P84: 100000 | Q84: 0 | R84: =IF(P84="","",P84-Q84) -> 100000 | S84: =IF(R84="","",S83-R84) -> 116900
R85: =IF(P85="","",P85-Q85) | S85: =IF(R85="","",S84-R85)
R86: =IF(P86="","",P86-Q86) | S86: =IF(R86="","",S85-R86)
R87: =IF(P87="","",P87-Q87) | S87: =IF(R87="","",S86-R87)
R88: =IF(P88="","",P88-Q88) | S88: =IF(R88="","",S87-R88)
R89: =IF(P89="","",P89-Q89) | S89: =IF(R89="","",S88-R89)
R90: =IF(P90="","",P90-Q90) | S90: =IF(R90="","",S89-R90)
R91: =IF(P91="","",P91-Q91) | S91: =IF(R91="","",S90-R91)
R92: =IF(P92="","",P92-Q92) | S92: =IF(R92="","",S91-R92)
R93: =IF(P93="","",P93-Q93) | S93: =IF(R93="","",S92-R93)
R94: =IF(P94="","",P94-Q94) | S94: =IF(R94="","",S93-R94)
R95: =IF(P95="","",P95-Q95) | S95: =IF(R95="","",S94-R95)
R96: =IF(P96="","",P96-Q96) | S96: =IF(R96="","",S95-R96)
... R145: =IF(P145="","",P145-Q145) | S145: =IF(R145="","",S144-R145)

Sheet 2월
A1: =메인!$R$3 -> 2025 | B1: ◀ 02월 ▶
A2: =메인!$F$11 -> 2
B5: 총 수입 | C5: =SUM($C$32+$C$56) -> 0 | J5: ='1월'!J5 -> 이번달 목표 | P5: 필수지출
B6: 총 지출 | C6: =SUM($K$32+$L$56) -> 0
B7: 차액 | C7: =$C$5-$C$6 -> 0
G8: 무지출 성공 | H8: =COUNTIF(B10:H28,"무지출") -> 28
B9: 변동지출 달력 | J9: 소비성 지출 분석
B10: 일 | C10: 월 | D10: 화 | E10: 수 | F10: 목 | G10: 금 | H10: 토 | J10: 항목 | K10: 지출계 | L10: 예산 | M10: 예산대비 | N10: 전월지출 | O10: 전월대비
B11: =DATE($A$1,$A$2,1)-WEEKDAY(DATE($A$1,$A$2,1))+1 -> 45683 | C11: =B11+1 -> 45684 | D11: =C11+1 -> 45685 | E11: =D11+1 -> 45686 | F11: =E11+1 -> 45687 | G11: =F11+1 -> 45688 | H11: =G11+1 -> 45689 | J11: =항목!N$3 -> 통신비 | K11: =SUMIF($L$58:$L$300,J11,$R$58:$R$300) -> 0 | L11: =VLOOKUP(J11,예산!$B$41:$N$53,3,FALSE) -> 0 | M11: =L11-K11 -> 0 | N11: =VLOOKUP(J11,'1월'!$J$10:$K$23,2,FALSE) -> 20000 | O11: =K11-N11 -> -20000
B12: =IF(MONTH(B11)<>$A$2,"",IF(AND(SUMIF($J$81:$J$145,B11,$R$81:$R$145)=0,B11<TODAY()),"무지출",SUMIF($J$81:$J$145,B11,$R$81:$R$145))) | C12: =IF(MONTH(C11)<>$A$2,"",IF(AND(SUMIF($J$81:$J$145,C11,$R$81:$R$145)=0,C11<TODAY()),"무지출",SUMIF($J$81:$J$145,C11,$R$81:$R$145))) | D12: =IF(MONTH(D11)<>$A$2,"",IF(AND(SUMIF($J$81:$J$145,D11,$R$81:$R$145)=0,D11<TODAY()),"무지출",SUMIF($J$81:$J$145,D11,$R$81:$R$145))) | E12: =IF(MONTH(E11)<>$A$2,"",IF(AND(SUMIF($J$81:$J$145,E11,$R$81:$R$145)=0,E11<TODAY()),"무지출",SUMIF($J$81:$J$145,E11,$R$81:$R$145))) | F12: =IF(MONTH(F11)<>$A$2,"",IF(AND(SUMIF($J$81:$J$145,F11,$R$81:$R$145)=0,F11<TODAY()),"무지출",SUMIF($J$81:$J$145,F11,$R$81:$R$145))) | G12: =IF(MONTH(G11)<>$A$2,"",IF(AND(SUMIF($J$81:$J$145,G11,$R$81:$R$145)=0,G11<TODAY()),"무지출",SUMIF($J$81:$J$145,G11,$R$81:$R$145))) | H12: =IF(MONTH(H11)<>$A$2,"",IF(AND(SUMIF($J$81:$J$145,H11,$R$81:$R$145)=0,H11<TODAY()),"무지출",SUMIF($J$81:$J$145,H11,$R$81:$R$145))) -> 무지출 | J12: =항목!J$3 -> 교육비 | K12: =SUMIF($L$58:$L$300,J12,$R$58:$R$300) -> 0 | L12: =VLOOKUP(J12,예산!$B$41:$N$53,3,FALSE) -> 0 | M12: =L12-K12 -> 0 | N12: =VLOOKUP(J12,'1월'!$J$10:$K$23,2,FALSE) -> 500000 | O12: =K12-N12 -> -500000
J13: =항목!G$3 -> 생활용품비 | K13: =SUMIF($L$58:$L$300,J13,$R$58:$R$300) -> 0 | L13: =VLOOKUP(J13,예산!$B$41:$N$53,3,FALSE) -> 0 | M13: =L13-K13 -> 0 | N13: =VLOOKUP(J13,'1월'!$J$10:$K$23,2,FALSE) -> 0 | O13: =K13-N13 -> 0
B14: =B11+7 -> 45690 | C14: =C11+7 -> 45691 | D14: =D11+7 -> 45692 | E14: =E11+7 -> 45693 | F14: =F11+7 -> 45694 | G14: =G11+7 -> 45695 | H14: =H11+7 -> 45696 | J14: =항목!P$3 -> 용돈 | K14: =SUMIF($L$58:$L$300,J14,$R$58:$R$300) -> 0 | L14: =VLOOKUP(J14,예산!$B$41:$N$53,3,FALSE) -> 0 | M14: =L14-K14 -> 0 | N14: =VLOOKUP(J14,'1월'!$J$10:$K$23,2,FALSE) -> 0 | O14: =K14-N14 -> 0
B15: =IF(MONTH(B14)<>$A$2,"",IF(AND(SUMIF($J$81:$J$145,B14,$R$81:$R$145)=0,B14<TODAY()),"무지출",SUMIF($J$81:$J$145,B14,$R$81:$R$145))) -> 무지출 | C15: =IF(MONTH(C14)<>$A$2,"",IF(AND(SUMIF($J$81:$J$145,C14,$R$81:$R$145)=0,C14<TODAY()),"무지출",SUMIF($J$81:$J$145,C14,$R$81:$R$145))) -> 무지출 | D15: =IF(MONTH(D14)<>$A$2,"",IF(AND(SUMIF($J$81:$J$145,D14,$R$81:$R$145)=0,D14<TODAY()),"무지출",SUMIF($J$81:$J$145,D14,$R$81:$R$145))) -> 무지출 | E15: =IF(MONTH(E14)<>$A$2,"",IF(AND(SUMIF($J$81:$J$145,E14,$R$81:$R$145)=0,E14<TODAY()),"무지출",SUMIF($J$81:$J$145,E14,$R$81:$R$145))) -> 무지출 | F15: =IF(MONTH(F14)<>$A$2,"",IF(AND(SUMIF($J$81:$J$145,F14,$R$81:$R$145)=0,F14<TODAY()),"무지출",SUMIF($J$81:$J$145,F14,$R$81:$R$145))) -> 무지출 | G15: =IF(MONTH(G14)<>$A$2,"",IF(AND(SUMIF($J$81:$J$145,G14,$R$81:$R$145)=0,G14<TODAY()),"무지출",SUMIF($J$81:$J$145,G14,$R$81:$R$145))) -> 무지출 | H15: =IF(MONTH(H14)<>$A$2,"",IF(AND(SUMIF($J$81:$J$145,H14,$R$81:$R$145)=0,H14<TODAY()),"무지출",SUMIF($J$81:$J$145,H14,$R$81:$R$145))) -> 무지출 | J15: =항목!O$3 -> 경조사회비 | K15: =SUMIF($L$58:$L$300,J15,$R$58:$R$300) -> 0 | L15: =VLOOKUP(J15,예산!$B$41:$N$53,3,FALSE) -> 0 | M15: =L15-K15 -> 0 | N15: =VLOOKUP(J15,'1월'!$J$10:$K$23,2,FALSE) -> 150000 | O15: =K15-N15 -> -150000
J16: =항목!M$3 -> 유류교통비 | K16: =SUMIF($L$58:$L$300,J16,$R$58:$R$300) -> 0 | L16: =VLOOKUP(J16,예산!$B$41:$N$53,3,FALSE) -> 0 | M16: =L16-K16 -> 0 | N16: =VLOOKUP(J16,'1월'!$J$10:$K$23,2,FALSE) -> 0 | O16: =K16-N16 -> 0
B17: =B11+14 -> 45697 | C17: =C11+14 -> 45698 | D17: =D11+14 -> 45699 | E17: =E11+14 -> 45700 | F17: =F11+14 -> 45701 | G17: =G11+14 -> 45702 | H17: =H11+14 -> 45703 | J17: =항목!E$3 -> 식비 | K17: =SUMIF($L$58:$L$300,J17,$R$58:$R$300) -> 0 | L17: =VLOOKUP(J17,예산!$B$41:$N$53,3,FALSE) -> 0 | M17: =L17-K17 -> 0 | N17: =VLOOKUP(J17,'1월'!$J$10:$K$23,2,FALSE) -> 53100 | O17: =K17-N17 -> -53100
B18: =IF(MONTH(B17)<>$A$2,"",IF(AND(SUMIF($J$81:$J$145,B17,$R$81:$R$145)=0,B17<TODAY()),"무지출",SUMIF($J$81:$J$145,B17,$R$81:$R$145))) -> 무지출 | C18: =IF(MONTH(C17)<>$A$2,"",IF(AND(SUMIF($J$81:$J$145,C17,$R$81:$R$145)=0,C17<TODAY()),"무지출",SUMIF($J$81:$J$145,C17,$R$81:$R$145))) -> 무지출 | D18: =IF(MONTH(D17)<>$A$2,"",IF(AND(SUMIF($J$81:$J$145,D17,$R$81:$R$145)=0,D17<TODAY()),"무지출",SUMIF($J$81:$J$145,D17,$R$81:$R$145))) -> 무지출 | E18: =IF(MONTH(E17)<>$A$2,"",IF(AND(SUMIF($J$81:$J$145,E17,$R$81:$R$145)=0,E17<TODAY()),"무지출",SUMIF($J$81:$J$145,E17,$R$81:$R$145))) -> 무지출 | F18: =IF(MONTH(F17)<>$A$2,"",IF(AND(SUMIF($J$81:$J$145,F17,$R$81:$R$145)=0,F17<TODAY()),"무지출",SUMIF($J$81:$J$145,F17,$R$81:$R$145))) -> 무지출 | G18: =IF(MONTH(G17)<>$A$2,"",IF(AND(SUMIF($J$81:$J$145,G17,$R$81:$R$145)=0,G17<TODAY()),"무지출",SUMIF($J$81:$J$145,G17,$R$81:$R$145))) -> 무지출 | H18: =IF(MONTH(H17)<>$A$2,"",IF(AND(SUMIF($J$81:$J$145,H17,$R$81:$R$145)=0,H17<TODAY()),"무지출",SUMIF($J$81:$J$145,H17,$R$81:$R$145))) -> 무지출 | J18: =항목!F$3 -> 주거비 | K18: =SUMIF($L$58:$L$300,J18,$R$58:$R$300) -> 0 | L18: =VLOOKUP(J18,예산!$B$41:$N$53,3,FALSE) -> 0 | M18: =L18-K18 -> 0 | N18: =VLOOKUP(J18,'1월'!$J$10:$K$23,2,FALSE) -> 200000 | O18: =K18-N18 -> -200000
J19: =항목!H$3 -> 반려동물비 | K19: =SUMIF($L$58:$L$300,J19,$R$58:$R$300) -> 0 | L19: =VLOOKUP(J19,예산!$B$41:$N$53,3,FALSE) -> 0 | M19: =L19-K19 -> 0 | N19: =VLOOKUP(J19,'1월'!$J$10:$K$23,2,FALSE) -> 0 | O19: =K19-N19 -> 0
B20: =B11+21 -> 45704 | C20: =C11+21 -> 45705 | D20: =D11+21 -> 45706 | E20: =E11+21 -> 45707 | F20: =F11+21 -> 45708 | G20: =G11+21 -> 45709 | H20: =H11+21 -> 45710 | J20: =항목!I$3 -> 의류미용비 | K20: =SUMIF($L$58:$L$300,J20,$R$58:$R$300) -> 0 | L20: =VLOOKUP(J20,예산!$B$41:$N$53,3,FALSE) -> 0 | M20: =L20-K20 -> 0 | N20: =VLOOKUP(J20,'1월'!$J$10:$K$23,2,FALSE) -> 0 | O20: =K20-N20 -> 0
B21: =IF(MONTH(B20)<>$A$2,"",IF(AND(SUMIF($J$81:$J$145,B20,$R$81:$R$145)=0,B20<TODAY()),"무지출",SUMIF($J$81:$J$145,B20,$R$81:$R$145))) -> 무지출 | C21: =IF(MONTH(C20)<>$A$2,"",IF(AND(SUMIF($J$81:$J$145,C20,$R$81:$R$145)=0,C20<TODAY()),"무지출",SUMIF($J$81:$J$145,C20,$R$81:$R$145))) -> 무지출 | D21: =IF(MONTH(D20)<>$A$2,"",IF(AND(SUMIF($J$81:$J$145,D20,$R$81:$R$145)=0,D20<TODAY()),"무지출",SUMIF($J$81:$J$145,D20,$R$81:$R$145))) -> 무지출 | E21: =IF(MONTH(E20)<>$A$2,"",IF(AND(SUMIF($J$81:$J$145,E20,$R$81:$R$145)=0,E20<TODAY()),"무지출",SUMIF($J$81:$J$145,E20,$R$81:$R$145))) -> 무지출 | F21: =IF(MONTH(F20)<>$A$2,"",IF(AND(SUMIF($J$81:$J$145,F20,$R$81:$R$145)=0,F20<TODAY()),"무지출",SUMIF($J$81:$J$145,F20,$R$81:$R$145))) -> 무지출 | G21: =IF(MONTH(G20)<>$A$2,"",IF(AND(SUMIF($J$81:$J$145,G20,$R$81:$R$145)=0,G20<TODAY()),"무지출",SUMIF($J$81:$J$145,G20,$R$81:$R$145))) -> 무지출 | H21: =IF(MONTH(H20)<>$A$2,"",IF(AND(SUMIF($J$81:$J$145,H20,$R$81:$R$145)=0,H20<TODAY()),"무지출",SUMIF($J$81:$J$145,H20,$R$81:$R$145))) -> 무지출 | J21: =항목!K$3 -> 문화생활비 | K21: =SUMIF($L$58:$L$300,J21,$R$58:$R$300) -> 0 | L21: =VLOOKUP(J21,예산!$B$41:$N$53,3,FALSE) -> 0 | M21: =L21-K21 -> 0 | N21: =VLOOKUP(J21,'1월'!$J$10:$K$23,2,FALSE) -> 10000 | O21: =K21-N21 -> -10000
J22: =항목!L$3 -> 의료비 | K22: =SUMIF($L$58:$L$300,J22,$R$58:$R$300) -> 0 | L22: =VLOOKUP(J22,예산!$B$41:$N$53,3,FALSE) -> 0 | M22: =L22-K22 -> 0 | N22: =VLOOKUP(J22,'1월'!$J$10:$K$23,2,FALSE) -> 12000 | O22: =K22-N22 -> -12000
B23: =B11+28 -> 45711 | C23: =C11+28 -> 45712 | D23: =D11+28 -> 45713 | E23: =E11+28 -> 45714 | F23: =F11+28 -> 45715 | G23: =G11+28 -> 45716 | H23: =H11+28 -> 45717 | J23: =항목!Q$3 -> 추가항목 | K23: =SUMIF($L$58:$L$300,J23,$R$58:$R$300) -> 0 | L23: =VLOOKUP(J23,예산!$B$41:$N$53,3,FALSE) -> 0 | M23: =L23-K23 -> 0 | N23: =VLOOKUP(J23,'1월'!$J$10:$K$23,2,FALSE) -> 0 | O23: =K23-N23 -> 0
B24: =IF(MONTH(B23)<>$A$2,"",IF(AND(SUMIF($J$81:$J$145,B23,$R$81:$R$145)=0,B23<TODAY()),"무지출",SUMIF($J$81:$J$145,B23,$R$81:$R$145))) -> 무지출 | C24: =IF(MONTH(C23)<>$A$2,"",IF(AND(SUMIF($J$81:$J$145,C23,$R$81:$R$145)=0,C23<TODAY()),"무지출",SUMIF($J$81:$J$145,C23,$R$81:$R$145))) -> 무지출 | D24: =IF(MONTH(D23)<>$A$2,"",IF(AND(SUMIF($J$81:$J$145,D23,$R$81:$R$145)=0,D23<TODAY()),"무지출",SUMIF($J$81:$J$145,D23,$R$81:$R$145))) -> 무지출 | E24: =IF(MONTH(E23)<>$A$2,"",IF(AND(SUMIF($J$81:$J$145,E23,$R$81:$R$145)=0,E23<TODAY()),"무지출",SUMIF($J$81:$J$145,E23,$R$81:$R$145))) -> 무지출 | F24: =IF(MONTH(F23)<>$A$2,"",IF(AND(SUMIF($J$81:$J$145,F23,$R$81:$R$145)=0,F23<TODAY()),"무지출",SUMIF($J$81:$J$145,F23,$R$81:$R$145))) -> 무지출 | G24: =IF(MONTH(G23)<>$A$2,"",IF(AND(SUMIF($J$81:$J$145,G23,$R$81:$R$145)=0,G23<TODAY()),"무지출",SUMIF($J$81:$J$145,G23,$R$81:$R$145))) -> 무지출 | H24: =IF(MONTH(H23)<>$A$2,"",IF(AND(SUMIF($J$81:$J$145,H23,$R$81:$R$145)=0,H23<TODAY()),"무지출",SUMIF($J$81:$J$145,H23,$R$81:$R$145)))
J25: MEMO
B26: =B11+35 -> 45718 | C26: =C11+35 -> 45719 | D26: =D11+35 -> 45720 | E26: =E11+35 -> 45721 | F26: =F11+35 -> 45722 | G26: =G11+35 -> 45723 | H26: =H11+35 -> 45724
B27: =IF(MONTH(B26)<>$A$2,"",IF(AND(SUMIF($J$81:$J$145,B26,$R$81:$R$145)=0,B26<TODAY()),"무지출",SUMIF($J$81:$J$145,B26,$R$81:$R$145))) | C27: =IF(MONTH(C26)<>$A$2,"",IF(AND(SUMIF($J$81:$J$145,C26,$R$81:$R$145)=0,C26<TODAY()),"무지출",SUMIF($J$81:$J$145,C26,$R$81:$R$145))) | D27: =IF(MONTH(D26)<>$A$2,"",IF(AND(SUMIF($J$81:$J$145,D26,$R$81:$R$145)=0,D26<TODAY()),"무지출",SUMIF($J$81:$J$145,D26,$R$81:$R$145))) | E27: =IF(MONTH(E26)<>$A$2,"",IF(AND(SUMIF($J$81:$J$145,E26,$R$81:$R$145)=0,E26<TODAY()),"무지출",SUMIF($J$81:$J$145,E26,$R$81:$R$145))) | F27: =IF(MONTH(F26)<>$A$2,"",IF(AND(SUMIF($J$81:$J$145,F26,$R$81:$R$145)=0,F26<TODAY()),"무지출",SUMIF($J$81:$J$145,F26,$R$81:$R$145))) | G27: =IF(MONTH(G26)<>$A$2,"",IF(AND(SUMIF($J$81:$J$145,G26,$R$81:$R$145)=0,G26<TODAY()),"무지출",SUMIF($J$81:$J$145,G26,$R$81:$R$145))) | H27: =IF(MONTH(H26)<>$A$2,"",IF(AND(SUMIF($J$81:$J$145,H26,$R$81:$R$145)=0,H26<TODAY()),"무지출",SUMIF($J$81:$J$145,H26,$R$81:$R$145)))
B30: 수입 | J30: 지출
B32: ='1월'!B32 -> 고정수입 | C32: =SUM($H$34:$H$53) -> 0 | J32: ='1월'!J32 -> 저축성지출 | K32: =SUM($R$34:$R$53) -> 0
B33: 날짜 | C33: 대분류 | D33: 소분류 | E33: 내용 | H33: 금액 | J33: 날짜 | K33: 구분 | L33: 대분류 | M33: 소분류 | N33: 지출 내용 | P33: 결제금액 | Q33: 할인 | R33: 실지출 | S33: 비고
R34: =IF(P34="","",P34-Q34)
R35: =IF(P35="","",P35-Q35)
R36: =IF(P36="","",P36-Q36)
R37: =IF(P37="","",P37-Q37)
R38: =IF(P38="","",P38-Q38)
R39: =IF(P39="","",P39-Q39)
R40: =IF(P40="","",P40-Q40)
R41: =IF(P41="","",P41-Q41)
R42: =IF(P42="","",P42-Q42)
R43: =IF(P43="","",P43-Q43)
R44: =IF(P44="","",P44-Q44)
R45: =IF(P45="","",P45-Q45)
... R53: =IF(P53="","",P53-Q53)
K55: 총 예산 | L55: =예산!D40 -> 0
B56: ='1월'!B56 -> 부가수입 | C56: =SUM($H$58:$H$351) -> 0 | J56: ='1월'!J56 -> 고정지출 | K56: 실지출 계 | L56: =SUM($R$58:$R$300) -> 0
B57: 날짜 | C57: 대분류 | D57: 소분류 | E57: 내용 | H57: 금액 | J57: 날짜 | K57: 구분 | L57: 대분류 | M57: 소분류 | N57: 지출 내용 | P57: 결제금액 | Q57: 할인 | R57: 실지출 | S57: 예산 잔액 | T57: 비고
R58: =IF(P58="","",P58-Q58) | S58: =IF(R58="","",L55-R58)
R59: =IF(P59="","",P59-Q59) | S59: =IF(R59="","",S58-R59)
R60: =IF(P60="","",P60-Q60) | S60: =IF(R60="","",S59-R60)
R61: =IF(P61="","",P61-Q61) | S61: =IF(R61="","",S60-R61)
R62: =IF(P62="","",P62-Q62) | S62: =IF(R62="","",S61-R62)
R63: =IF(P63="","",P63-Q63) | S63: =IF(R63="","",S62-R63)
R64: =IF(P64="","",P64-Q64) | S64: =IF(R64="","",S63-R64)
R65: =IF(P65="","",P65-Q65) | S65: =IF(R65="","",S64-R65)
R66: =IF(P66="","",P66-Q66) | S66: =IF(R66="","",S65-R66)
R67: =IF(P67="","",P67-Q67) | S67: =IF(R67="","",S66-R67)
R68: =IF(P68="","",P68-Q68) | S68: =IF(R68="","",S67-R68)
R69: =IF(P69="","",P69-Q69) | S69: =IF(R69="","",S68-R69)
R70: =IF(P70="","",P70-Q70)
R71: =IF(P71="","",P71-Q71)
R72: =IF(P72="","",P72-Q72)
R73: =IF(P73="","",P73-Q73)
R74: =IF(P74="","",P74-Q74) | S74: =IF(R74="","",S69-R74)
R75: =IF(P75="","",P75-Q75) | S75: =IF(R75="","",S74-R75)
R76: =IF(P76="","",P76-Q76) | S76: =IF(R76="","",S75-R76)
R77: =IF(P77="","",P77-Q77) | S77: =IF(R77="","",S76-R77)
J79: 변동지출 | R79: 변동지출 예산 | S79: =L55-SUM(P58:P77) -> 0
J80: 날짜 | K80: 구분 | L80: 대분류 | M80: 소분류 | N80: 지출 내용 | P80: 결제금액 | Q80: 할인 | R80: 실지출 | S80: 예산 잔액 | T80: 비고
R81: =IF(P81="","",P81-Q81) | S81: =IF(R81="","",S79-R81)
R82: =IF(P82="","",P82-Q82) | S82: =IF(R82="","",S81-R82)
R83: =IF(P83="","",P83-Q83) | S83: =IF(R83="","",S82-R83)
R84: =IF(P84="","",P84-Q84) | S84: =IF(R84="","",S83-R84)
R85: =IF(P85="","",P85-Q85) | S85: =IF(R85="","",S84-R85)
R86: =IF(P86="","",P86-Q86) | S86: =IF(R86="","",S85-R86)
R87: =IF(P87="","",P87-Q87) | S87: =IF(R87="","",S86-R87)
R88: =IF(P88="","",P88-Q88) | S88: =IF(R88="","",S87-R88)
R89: =IF(P89="","",P89-Q89) | S89: =IF(R89="","",S88-R89)
R90: =IF(P90="","",P90-Q90) | S90: =IF(R90="","",S89-R90)
R91: =IF(P91="","",P91-Q91) | S91: =IF(R91="","",S90-R91)
R92: =IF(P92="","",P92-Q92) | S92: =IF(R92="","",S91-R92)
R93: =IF(P93="","",P93-Q93) | S93: =IF(R93="","",S92-R93)
... R145: =IF(P145="","",P145-Q145) | S145: =IF(R145="","",S144-R145)

Sheet 3월
A1: =메인!$R$3 -> 2025 | B1: ◀ 03월 ▶
A2: =메인!$G$11 -> 3
B5: 총 수입 | C5: =SUM($C$32+$C$56) -> 0 | J5: ='1월'!J5 -> 이번달 목표 | P5: ='1월'!P5 -> 필수지출
B6: 총 지출 | C6: =SUM($K$32+$L$56) -> 0
B7: 차액 | C7: =$C$5-$C$6 -> 0
G8: 무지출 성공 | H8: =COUNTIF(B10:H28,"무지출") -> 31
B9: 변동지출 달력 | J9: 소비성 지출 분석
B10: 일 | C10: 월 | D10: 화 | E10: 수 | F10: 목 | G10: 금 | H10: 토 | J10: 항목 | K10: 지출계 | L10: 예산 | M10: 예산대비 | N10: 전월지출 | O10: 전월대비
B11: =DATE($A$1,$A$2,1)-WEEKDAY(DATE($A$1,$A$2,1))+1 -> 45711 | C11: =B11+1 -> 45712 | D11: =C11+1 -> 45713 | E11: =D11+1 -> 45714 | F11: =E11+1 -> 45715 | G11: =F11+1 -> 45716 | H11: =G11+1 -> 45717 | J11: =항목!N$3 -> 통신비 | K11: =SUMIF($L$58:$L$300,J11,$R$58:$R$300) -> 0 | L11: =VLOOKUP(J11,예산!$B$41:$N$53,4,FALSE) -> 0 | M11: =L11-K11 -> 0 | N11: =VLOOKUP(J11,'2월'!$J$10:$K$23,2,FALSE) -> 0 | O11: =K11-N11 -> 0
B12: =IF(MONTH(B11)<>$A$2,"",IF(AND(SUMIF($J$81:$J$145,B11,$R$81:$R$145)=0,B11<TODAY()),"무지출",SUMIF($J$81:$J$145,B11,$R$81:$R$145))) | C12: =IF(MONTH(C11)<>$A$2,"",IF(AND(SUMIF($J$81:$J$145,C11,$R$81:$R$145)=0,C11<TODAY()),"무지출",SUMIF($J$81:$J$145,C11,$R$81:$R$145))) | D12: =IF(MONTH(D11)<>$A$2,"",IF(AND(SUMIF($J$81:$J$145,D11,$R$81:$R$145)=0,D11<TODAY()),"무지출",SUMIF($J$81:$J$145,D11,$R$81:$R$145))) | E12: =IF(MONTH(E11)<>$A$2,"",IF(AND(SUMIF($J$81:$J$145,E11,$R$81:$R$145)=0,E11<TODAY()),"무지출",SUMIF($J$81:$J$145,E11,$R$81:$R$145))) | F12: =IF(MONTH(F11)<>$A$2,"",IF(AND(SUMIF($J$81:$J$145,F11,$R$81:$R$145)=0,F11<TODAY()),"무지출",SUMIF($J$81:$J$145,F11,$R$81:$R$145))) | G12: =IF(MONTH(G11)<>$A$2,"",IF(AND(SUMIF($J$81:$J$145,G11,$R$81:$R$145)=0,G11<TODAY()),"무지출",SUMIF($J$81:$J$145,G11,$R$81:$R$145))) | H12: =IF(MONTH(H11)<>$A$2,"",IF(AND(SUMIF($J$81:$J$145,H11,$R$81:$R$145)=0,H11<TODAY()),"무지출",SUMIF($J$81:$J$145,H11,$R$81:$R$145))) -> 무지출 | J12: =항목!J$3 -> 교육비 | K12: =SUMIF($L$58:$L$300,J12,$R$58:$R$300) -> 0 | L12: =VLOOKUP(J12,예산!$B$41:$N$53,4,FALSE) -> 0 | M12: =L12-K12 -> 0 | N12: =VLOOKUP(J12,'2월'!$J$10:$K$23,2,FALSE) -> 0 | O12: =K12-N12 -> 0
J13: =항목!P$3 -> 용돈 | K13: =SUMIF($L$58:$L$300,J13,$R$58:$R$300) -> 0 | L13: =VLOOKUP(J13,예산!$B$41:$N$53,4,FALSE) -> 0 | M13: =L13-K13 -> 0 | N13: =VLOOKUP(J13,'2월'!$J$10:$K$23,2,FALSE) -> 0 | O13: =K13-N13 -> 0
B14: =B11+7 -> 45718 | C14: =C11+7 -> 45719 | D14: =D11+7 -> 45720 | E14: =E11+7 -> 45721 | F14: =F11+7 -> 45722 | G14: =G11+7 -> 45723 | H14: =H11+7 -> 45724 | J14: =항목!E$3 -> 식비 | K14: =SUMIF($L$58:$L$300,J14,$R$58:$R$300) -> 0 | L14: =VLOOKUP(J14,예산!$B$41:$N$53,4,FALSE) -> 0 | M14: =L14-K14 -> 0 | N14: =VLOOKUP(J14,'2월'!$J$10:$K$23,2,FALSE) -> 0 | O14: =K14-N14 -> 0
B15: =IF(MONTH(B14)<>$A$2,"",IF(AND(SUMIF($J$81:$J$145,B14,$R$81:$R$145)=0,B14<TODAY()),"무지출",SUMIF($J$81:$J$145,B14,$R$81:$R$145))) -> 무지출 | C15: =IF(MONTH(C14)<>$A$2,"",IF(AND(SUMIF($J$81:$J$145,C14,$R$81:$R$145)=0,C14<TODAY()),"무지출",SUMIF($J$81:$J$145,C14,$R$81:$R$145))) -> 무지출 | D15: =IF(MONTH(D14)<>$A$2,"",IF(AND(SUMIF($J$81:$J$145,D14,$R$81:$R$145)=0,D14<TODAY()),"무지출",SUMIF($J$81:$J$145,D14,$R$81:$R$145))) -> 무지출 | E15: =IF(MONTH(E14)<>$A$2,"",IF(AND(SUMIF($J$81:$J$145,E14,$R$81:$R$145)=0,E14<TODAY()),"무지출",SUMIF($J$81:$J$145,E14,$R$81:$R$145))) -> 무지출 | F15: =IF(MONTH(F14)<>$A$2,"",IF(AND(SUMIF($J$81:$J$145,F14,$R$81:$R$145)=0,F14<TODAY()),"무지출",SUMIF($J$81:$J$145,F14,$R$81:$R$145))) -> 무지출 | G15: =IF(MONTH(G14)<>$A$2,"",IF(AND(SUMIF($J$81:$J$145,G14,$R$81:$R$145)=0,G14<TODAY()),"무지출",SUMIF($J$81:$J$145,G14,$R$81:$R$145))) -> 무지출 | H15: =IF(MONTH(H14)<>$A$2,"",IF(AND(SUMIF($J$81:$J$145,H14,$R$81:$R$145)=0,H14<TODAY()),"무지출",SUMIF($J$81:$J$145,H14,$R$81:$R$145))) -> 무지출 | J15: =항목!O$3 -> 경조사회비 | K15: =SUMIF($L$58:$L$300,J15,$R$58:$R$300) -> 0 | L15: =VLOOKUP(J15,예산!$B$41:$N$53,4,FALSE) -> 0 | M15: =L15-K15 -> 0 | N15: =VLOOKUP(J15,'2월'!$J$10:$K$23,2,FALSE) -> 0 | O15: =K15-N15 -> 0
J16: =항목!I$3 -> 의류미용비 | K16: =SUMIF($L$58:$L$300,J16,$R$58:$R$300) -> 0 | L16: =VLOOKUP(J16,예산!$B$41:$N$53,4,FALSE) -> 0 | M16: =L16-K16 -> 0 | N16: =VLOOKUP(J16,'2월'!$J$10:$K$23,2,FALSE) -> 0 | O16: =K16-N16 -> 0
B17: =B11+14 -> 45725 | C17: =C11+14 -> 45726 | D17: =D11+14 -> 45727 | E17: =E11+14 -> 45728 | F17: =F11+14 -> 45729 | G17: =G11+14 -> 45730 | H17: =H11+14 -> 45731 | J17: =항목!M$3 -> 유류교통비 | K17: =SUMIF($L$58:$L$300,J17,$R$58:$R$300) -> 0 | L17: =VLOOKUP(J17,예산!$B$41:$N$53,4,FALSE) -> 0 | M17: =L17-K17 -> 0 | N17: =VLOOKUP(J17,'2월'!$J$10:$K$23,2,FALSE) -> 0 | O17: =K17-N17 -> 0
B18: =IF(MONTH(B17)<>$A$2,"",IF(AND(SUMIF($J$81:$J$145,B17,$R$81:$R$145)=0,B17<TODAY()),"무지출",SUMIF($J$81:$J$145,B17,$R$81:$R$145))) -> 무지출 | C18: =IF(MONTH(C17)<>$A$2,"",IF(AND(SUMIF($J$81:$J$145,C17,$R$81:$R$145)=0,C17<TODAY()),"무지출",SUMIF($J$81:$J$145,C17,$R$81:$R$145))) -> 무지출 | D18: =IF(MONTH(D17)<>$A$2,"",IF(AND(SUMIF($J$81:$J$145,D17,$R$81:$R$145)=0,D17<TODAY()),"무지출",SUMIF($J$81:$J$145,D17,$R$81:$R$145))) -> 무지출 | E18: =IF(MONTH(E17)<>$A$2,"",IF(AND(SUMIF($J$81:$J$145,E17,$R$81:$R$145)=0,E17<TODAY()),"무지출",SUMIF($J$81:$J$145,E17,$R$81:$R$145))) -> 무지출 | F18: =IF(MONTH(F17)<>$A$2,"",IF(AND(SUMIF($J$81:$J$145,F17,$R$81:$R$145)=0,F17<TODAY()),"무지출",SUMIF($J$81:$J$145,F17,$R$81:$R$145))) -> 무지출 | G18: =IF(MONTH(G17)<>$A$2,"",IF(AND(SUMIF($J$81:$J$145,G17,$R$81:$R$145)=0,G17<TODAY()),"무지출",SUMIF($J$81:$J$145,G17,$R$81:$R$145))) -> 무지출 | H18: =IF(MONTH(H17)<>$A$2,"",IF(AND(SUMIF($J$81:$J$145,H17,$R$81:$R$145)=0,H17<TODAY()),"무지출",SUMIF($J$81:$J$145,H17,$R$81:$R$145))) -> 무지출 | J18: =항목!L$3 -> 의료비 | K18: =SUMIF($L$58:$L$300,J18,$R$58:$R$300) -> 0 | L18: =VLOOKUP(J18,예산!$B$41:$N$53,4,FALSE) -> 0 | M18: =L18-K18 -> 0 | N18: =VLOOKUP(J18,'2월'!$J$10:$K$23,2,FALSE) -> 0 | O18: =K18-N18 -> 0
J19: =항목!G$3 -> 생활용품비 | K19: =SUMIF($L$58:$L$300,J19,$R$58:$R$300) -> 0 | L19: =VLOOKUP(J19,예산!$B$41:$N$53,4,FALSE) -> 0 | M19: =L19-K19 -> 0 | N19: =VLOOKUP(J19,'2월'!$J$10:$K$23,2,FALSE) -> 0 | O19: =K19-N19 -> 0
B20: =B11+21 -> 45732 | C20: =C11+21 -> 45733 | D20: =D11+21 -> 45734 | E20: =E11+21 -> 45735 | F20: =F11+21 -> 45736 | G20: =G11+21 -> 45737 | H20: =H11+21 -> 45738 | J20: =항목!F$3 -> 주거비 | K20: =SUMIF($L$58:$L$300,J20,$R$58:$R$300) -> 0 | L20: =VLOOKUP(J20,예산!$B$41:$N$53,4,FALSE) -> 0 | M20: =L20-K20 -> 0 | N20: =VLOOKUP(J20,'2월'!$J$10:$K$23,2,FALSE) -> 0 | O20: =K20-N20 -> 0
B21: =IF(MONTH(B20)<>$A$2,"",IF(AND(SUMIF($J$81:$J$145,B20,$R$81:$R$145)=0,B20<TODAY()),"무지출",SUMIF($J$81:$J$145,B20,$R$81:$R$145))) -> 무지출 | C21: =IF(MONTH(C20)<>$A$2,"",IF(AND(SUMIF($J$81:$J$145,C20,$R$81:$R$145)=0,C20<TODAY()),"무지출",SUMIF($J$81:$J$145,C20,$R$81:$R$145))) -> 무지출 | D21: =IF(MONTH(D20)<>$A$2,"",IF(AND(SUMIF($J$81:$J$145,D20,$R$81:$R$145)=0,D20<TODAY()),"무지출",SUMIF($J$81:$J$145,D20,$R$81:$R$145))) -> 무지출 | E21: =IF(MONTH(E20)<>$A$2,"",IF(AND(SUMIF($J$81:$J$145,E20,$R$81:$R$145)=0,E20<TODAY()),"무지출",SUMIF($J$81:$J$145,E20,$R$81:$R$145))) -> 무지출 | F21: =IF(MONTH(F20)<>$A$2,"",IF(AND(SUMIF($J$81:$J$145,F20,$R$81:$R$145)=0,F20<TODAY()),"무지출",SUMIF($J$81:$J$145,F20,$R$81:$R$145))) -> 무지출 | G21: =IF(MONTH(G20)<>$A$2,"",IF(AND(SUMIF($J$81:$J$145,G20,$R$81:$R$145)=0,G20<TODAY()),"무지출",SUMIF($J$81:$J$145,G20,$R$81:$R$145))) -> 무지출 | H21: =IF(MONTH(H20)<>$A$2,"",IF(AND(SUMIF($J$81:$J$145,H20,$R$81:$R$145)=0,H20<TODAY()),"무지출",SUMIF($J$81:$J$145,H20,$R$81:$R$145))) -> 무지출 | J21: =항목!H$3 -> 반려동물비 | K21: =SUMIF($L$58:$L$300,J21,$R$58:$R$300) -> 0 | L21: =VLOOKUP(J21,예산!$B$41:$N$53,4,FALSE) -> 0 | M21: =L21-K21 -> 0 | N21: =VLOOKUP(J21,'2월'!$J$10:$K$23,2,FALSE) -> 0 | O21: =K21-N21 -> 0
J22: =항목!K$3 -> 문화생활비 | K22: =SUMIF($L$58:$L$300,J22,$R$58:$R$300) -> 0 | L22: =VLOOKUP(J22,예산!$B$41:$N$53,4,FALSE) -> 0 | M22: =L22-K22 -> 0 | N22: =VLOOKUP(J22,'2월'!$J$10:$K$23,2,FALSE) -> 0 | O22: =K22-N22 -> 0
B23: =B11+28 -> 45739 | C23: =C11+28 -> 45740 | D23: =D11+28 -> 45741 | E23: =E11+28 -> 45742 | F23: =F11+28 -> 45743 | G23: =G11+28 -> 45744 | H23: =H11+28 -> 45745 | J23: =항목!Q$3 -> 추가항목 | K23: =SUMIF($L$58:$L$300,J23,$R$58:$R$300) -> 0 | L23: =VLOOKUP(J23,예산!$B$41:$N$53,4,FALSE) -> 0 | M23: =L23-K23 -> 0 | N23: =VLOOKUP(J23,'2월'!$J$10:$K$23,2,FALSE) -> 0 | O23: =K23-N23 -> 0
B24: =IF(MONTH(B23)<>$A$2,"",IF(AND(SUMIF($J$81:$J$145,B23,$R$81:$R$145)=0,B23<TODAY()),"무지출",SUMIF($J$81:$J$145,B23,$R$81:$R$145))) -> 무지출 | C24: =IF(MONTH(C23)<>$A$2,"",IF(AND(SUMIF($J$81:$J$145,C23,$R$81:$R$145)=0,C23<TODAY()),"무지출",SUMIF($J$81:$J$145,C23,$R$81:$R$145))) -> 무지출 | D24: =IF(MONTH(D23)<>$A$2,"",IF(AND(SUMIF($J$81:$J$145,D23,$R$81:$R$145)=0,D23<TODAY()),"무지출",SUMIF($J$81:$J$145,D23,$R$81:$R$145))) -> 무지출 | E24: =IF(MONTH(E23)<>$A$2,"",IF(AND(SUMIF($J$81:$J$145,E23,$R$81:$R$145)=0,E23<TODAY()),"무지출",SUMIF($J$81:$J$145,E23,$R$81:$R$145))) -> 무지출 | F24: =IF(MONTH(F23)<>$A$2,"",IF(AND(SUMIF($J$81:$J$145,F23,$R$81:$R$145)=0,F23<TODAY()),"무지출",SUMIF($J$81:$J$145,F23,$R$81:$R$145))) -> 무지출 | G24: =IF(MONTH(G23)<>$A$2,"",IF(AND(SUMIF($J$81:$J$145,G23,$R$81:$R$145)=0,G23<TODAY()),"무지출",SUMIF($J$81:$J$145,G23,$R$81:$R$145))) -> 무지출 | H24: =IF(MONTH(H23)<>$A$2,"",IF(AND(SUMIF($J$81:$J$145,H23,$R$81:$R$145)=0,H23<TODAY()),"무지출",SUMIF($J$81:$J$145,H23,$R$81:$R$145))) -> 무지출
J25: MEMO
B26: =B11+35 -> 45746 | C26: =C11+35 -> 45747 | D26: =D11+35 -> 45748 | E26: =E11+35 -> 45749 | F26: =F11+35 -> 45750 | G26: =G11+35 -> 45751 | H26: =H11+35 -> 45752
B27: =IF(MONTH(B26)<>$A$2,"",IF(AND(SUMIF($J$81:$J$145,B26,$R$81:$R$145)=0,B26<TODAY()),"무지출",SUMIF($J$81:$J$145,B26,$R$81:$R$145))) -> 무지출 | C27: =IF(MONTH(C26)<>$A$2,"",IF(AND(SUMIF($J$81:$J$145,C26,$R$81:$R$145)=0,C26<TODAY()),"무지출",SUMIF($J$81:$J$145,C26,$R$81:$R$145))) -> 무지출 | D27: =IF(MONTH(D26)<>$A$2,"",IF(AND(SUMIF($J$81:$J$145,D26,$R$81:$R$145)=0,D26<TODAY()),"무지출",SUMIF($J$81:$J$145,D26,$R$81:$R$145))) | E27: =IF(MONTH(E26)<>$A$2,"",IF(AND(SUMIF($J$81:$J$145,E26,$R$81:$R$145)=0,E26<TODAY()),"무지출",SUMIF($J$81:$J$145,E26,$R$81:$R$145))) | F27: =IF(MONTH(F26)<>$A$2,"",IF(AND(SUMIF($J$81:$J$145,F26,$R$81:$R$145)=0,F26<TODAY()),"무지출",SUMIF($J$81:$J$145,F26,$R$81:$R$145))) | G27: =IF(MONTH(G26)<>$A$2,"",IF(AND(SUMIF($J$81:$J$145,G26,$R$81:$R$145)=0,G26<TODAY()),"무지출",SUMIF($J$81:$J$145,G26,$R$81:$R$145))) | H27: =IF(MONTH(H26)<>$A$2,"",IF(AND(SUMIF($J$81:$J$145,H26,$R$81:$R$145)=0,H26<TODAY()),"무지출",SUMIF($J$81:$J$145,H26,$R$81:$R$145)))
B30: 수입 | J30: 지출
B32: ='1월'!B32 -> 고정수입 | C32: =SUM($H$34:$H$53) -> 0 | J32: ='1월'!J32 -> 저축성지출 | K32: =SUM($R$34:$R$53) -> 0
B33: 날짜 | C33: 대분류 | D33: 소분류 | E33: 내용 | H33: 금액 | J33: 날짜 | K33: 구분 | L33: 대분류 | M33: 소분류 | N33: 지출 내용 | P33: 결제금액 | Q33: 할인 | R33: 실지출 | S33: 비고
R34: =IF(P34="","",P34-Q34)
R35: =IF(P35="","",P35-Q35)
R36: =IF(P36="","",P36-Q36)
R37: =IF(P37="","",P37-Q37)
R38: =IF(P38="","",P38-Q38)
R39: =IF(P39="","",P39-Q39)
R40: =IF(P40="","",P40-Q40)
R41: =IF(P41="","",P41-Q41)
R42: =IF(P42="","",P42-Q42)
R43: =IF(P43="","",P43-Q43)
R44: =IF(P44="","",P44-Q44)
R45: =IF(P45="","",P45-Q45)
... R53: =IF(P53="","",P53-Q53)
K55: 총 예산 | L55: =예산!E40 -> 0
B56: ='1월'!B56 -> 부가수입 | C56: =SUM($H$58:$H$305) -> 0 | J56: ='1월'!J56 -> 고정지출 | K56: 실지출 계 | L56: =SUM($R$58:$R$300) -> 0
B57: 날짜 | C57: 대분류 | D57: 소분류 | E57: 내용 | H57: 금액 | J57: 날짜 | K57: 구분 | L57: 대분류 | M57: 소분류 | N57: 지출 내용 | P57: 결제금액 | Q57: 할인 | R57: 실지출 | S57: 예산 잔액 | T57: 비고
R58: =IF(P58="","",P58-Q58) | S58: =IF(R58="","",L55-R58)
R59: =IF(P59="","",P59-Q59) | S59: =IF(R59="","",S58-R59)
R60: =IF(P60="","",P60-Q60) | S60: =IF(R60="","",S59-R60)
R61: =IF(P61="","",P61-Q61) | S61: =IF(R61="","",S60-R61)
R62: =IF(P62="","",P62-Q62) | S62: =IF(R62="","",S61-R62)
R63: =IF(P63="","",P63-Q63) | S63: =IF(R63="","",S62-R63)
R64: =IF(P64="","",P64-Q64) | S64: =IF(R64="","",S63-R64)
R65: =IF(P65="","",P65-Q65) | S65: =IF(R65="","",S64-R65)
R66: =IF(P66="","",P66-Q66) | S66: =IF(R66="","",S65-R66)
R67: =IF(P67="","",P67-Q67) | S67: =IF(R67="","",S66-R67)
R68: =IF(P68="","",P68-Q68) | S68: =IF(R68="","",S67-R68)
R69: =IF(P69="","",P69-Q69) | S69: =IF(R69="","",S68-R69)
R70: =IF(P70="","",P70-Q70) | S70: =IF(R70="","",S69-R70)
... R77: =IF(P77="","",P77-Q77) | S77: =IF(R77="","",S76-R77)
J79: 변동지출 | R79: 변동지출 예산 | S79: =L55-SUM(P58:P77) -> 0
J80: 날짜 | K80: 구분 | L80: 대분류 | M80: 소분류 | N80: 지출 내용 | P80: 결제금액 | Q80: 할인 | R80: 실지출 | S80: 예산 잔액 | T80: 비고
R81: =IF(P81="","",P81-Q81) | S81: =IF(R81="","",S79-R81)
R82: =IF(P82="","",P82-Q82) | S82: =IF(R82="","",S81-R82)
R83: =IF(P83="","",P83-Q83) | S83: =IF(R83="","",S82-R83)
R84: =IF(P84="","",P84-Q84) | S84: =IF(R84="","",S83-R84)
R85: =IF(P85="","",P85-Q85) | S85: =IF(R85="","",S84-R85)
R86: =IF(P86="","",P86-Q86) | S86: =IF(R86="","",S85-R86)
R87: =IF(P87="","",P87-Q87) | S87: =IF(R87="","",S86-R87)
R88: =IF(P88="","",P88-Q88) | S88: =IF(R88="","",S87-R88)
R89: =IF(P89="","",P89-Q89) | S89: =IF(R89="","",S88-R89)
R90: =IF(P90="","",P90-Q90) | S90: =IF(R90="","",S89-R90)
R91: =IF(P91="","",P91-Q91) | S91: =IF(R91="","",S90-R91)
R92: =IF(P92="","",P92-Q92) | S92: =IF(R92="","",S91-R92)
R93: =IF(P93="","",P93-Q93) | S93: =IF(R93="","",S92-R93)
... R145: =IF(P145="","",P145-Q145) | S145: =IF(R145="","",S144-R145)

Sheet 4월
A1: =메인!$R$3 -> 2025 | B1: ◀ 04월 ▶
A2: =메인!$H$11 -> 4
B5: 총 수입 | C5: =SUM($C$32+$C$56) -> 0 | J5: ='1월'!J5 -> 이번달 목표 | P5: 필수지출
B6: 총 지출 | C6: =SUM($K$32+$L$56) -> 0
B7: 차액 | C7: =$C$5-$C$6 -> 0
G8: 무지출 성공 | H8: =COUNTIF(B10:H28,"무지출") -> 30
B9: 변동지출 달력 | J9: 소비성 지출 분석
B10: 일 | C10: 월 | D10: 화 | E10: 수 | F10: 목 | G10: 금 | H10: 토 | J10: 항목 | K10: 지출계 | L10: 예산 | M10: 예산대비 | N10: 전월지출 | O10: 전월대비
B11: =DATE($A$1,$A$2,1)-WEEKDAY(DATE($A$1,$A$2,1))+1 -> 45746 | C11: =B11+1 -> 45747 | D11: =C11+1 -> 45748 | E11: =D11+1 -> 45749 | F11: =E11+1 -> 45750 | G11: =F11+1 -> 45751 | H11: =G11+1 -> 45752 | J11: =항목!N$3 -> 통신비 | K11: =SUMIF($L$58:$L$300,J11,$R$58:$R$300) -> 0 | L11: =VLOOKUP(J11,예산!$B$41:$N$53,5,FALSE) -> 0 | M11: =L11-K11 -> 0 | N11: =VLOOKUP(J11,'3월'!$J$10:$K$23,2,FALSE) -> 0 | O11: =K11-N11 -> 0
B12: =IF(MONTH(B11)<>$A$2,"",IF(AND(SUMIF($J$81:$J$145,B11,$R$81:$R$145)=0,B11<TODAY()),"무지출",SUMIF($J$81:$J$145,B11,$R$81:$R$145))) | C12: =IF(MONTH(C11)<>$A$2,"",IF(AND(SUMIF($J$81:$J$145,C11,$R$81:$R$145)=0,C11<TODAY()),"무지출",SUMIF($J$81:$J$145,C11,$R$81:$R$145))) | D12: =IF(MONTH(D11)<>$A$2,"",IF(AND(SUMIF($J$81:$J$145,D11,$R$81:$R$145)=0,D11<TODAY()),"무지출",SUMIF($J$81:$J$145,D11,$R$81:$R$145))) -> 무지출 | E12: =IF(MONTH(E11)<>$A$2,"",IF(AND(SUMIF($J$81:$J$145,E11,$R$81:$R$145)=0,E11<TODAY()),"무지출",SUMIF($J$81:$J$145,E11,$R$81:$R$145))) -> 무지출 | F12: =IF(MONTH(F11)<>$A$2,"",IF(AND(SUMIF($J$81:$J$145,F11,$R$81:$R$145)=0,F11<TODAY()),"무지출",SUMIF($J$81:$J$145,F11,$R$81:$R$145))) -> 무지출 | G12: =IF(MONTH(G11)<>$A$2,"",IF(AND(SUMIF($J$81:$J$145,G11,$R$81:$R$145)=0,G11<TODAY()),"무지출",SUMIF($J$81:$J$145,G11,$R$81:$R$145))) -> 무지출 | H12: =IF(MONTH(H11)<>$A$2,"",IF(AND(SUMIF($J$81:$J$145,H11,$R$81:$R$145)=0,H11<TODAY()),"무지출",SUMIF($J$81:$J$145,H11,$R$81:$R$145))) -> 무지출 | J12: =항목!J$3 -> 교육비 | K12: =SUMIF($L$58:$L$300,J12,$R$58:$R$300) -> 0 | L12: =VLOOKUP(J12,예산!$B$41:$N$53,5,FALSE) -> 0 | M12: =L12-K12 -> 0 | N12: =VLOOKUP(J12,'3월'!$J$10:$K$23,2,FALSE) -> 0 | O12: =K12-N12 -> 0
J13: =항목!P$3 -> 용돈 | K13: =SUMIF($L$58:$L$300,J13,$R$58:$R$300) -> 0 | L13: =VLOOKUP(J13,예산!$B$41:$N$53,5,FALSE) -> 0 | M13: =L13-K13 -> 0 | N13: =VLOOKUP(J13,'3월'!$J$10:$K$23,2,FALSE) -> 0 | O13: =K13-N13 -> 0
B14: =B11+7 -> 45753 | C14: =C11+7 -> 45754 | D14: =D11+7 -> 45755 | E14: =E11+7 -> 45756 | F14: =F11+7 -> 45757 | G14: =G11+7 -> 45758 | H14: =H11+7 -> 45759 | J14: =항목!E$3 -> 식비 | K14: =SUMIF($L$58:$L$300,J14,$R$58:$R$300) -> 0 | L14: =VLOOKUP(J14,예산!$B$41:$N$53,5,FALSE) -> 0 | M14: =L14-K14 -> 0 | N14: =VLOOKUP(J14,'3월'!$J$10:$K$23,2,FALSE) -> 0 | O14: =K14-N14 -> 0
B15: =IF(MONTH(B14)<>$A$2,"",IF(AND(SUMIF($J$81:$J$145,B14,$R$81:$R$145)=0,B14<TODAY()),"무지출",SUMIF($J$81:$J$145,B14,$R$81:$R$145))) -> 무지출 | C15: =IF(MONTH(C14)<>$A$2,"",IF(AND(SUMIF($J$81:$J$145,C14,$R$81:$R$145)=0,C14<TODAY()),"무지출",SUMIF($J$81:$J$145,C14,$R$81:$R$145))) -> 무지출 | D15: =IF(MONTH(D14)<>$A$2,"",IF(AND(SUMIF($J$81:$J$145,D14,$R$81:$R$145)=0,D14<TODAY()),"무지출",SUMIF($J$81:$J$145,D14,$R$81:$R$145))) -> 무지출 | E15: =IF(MONTH(E14)<>$A$2,"",IF(AND(SUMIF($J$81:$J$145,E14,$R$81:$R$145)=0,E14<TODAY()),"무지출",SUMIF($J$81:$J$145,E14,$R$81:$R$145))) -> 무지출 | F15: =IF(MONTH(F14)<>$A$2,"",IF(AND(SUMIF($J$81:$J$145,F14,$R$81:$R$145)=0,F14<TODAY()),"무지출",SUMIF($J$81:$J$145,F14,$R$81:$R$145))) -> 무지출 | G15: =IF(MONTH(G14)<>$A$2,"",IF(AND(SUMIF($J$81:$J$145,G14,$R$81:$R$145)=0,G14<TODAY()),"무지출",SUMIF($J$81:$J$145,G14,$R$81:$R$145))) -> 무지출 | H15: =IF(MONTH(H14)<>$A$2,"",IF(AND(SUMIF($J$81:$J$145,H14,$R$81:$R$145)=0,H14<TODAY()),"무지출",SUMIF($J$81:$J$145,H14,$R$81:$R$145))) -> 무지출 | J15: =항목!O$3 -> 경조사회비 | K15: =SUMIF($L$58:$L$300,J15,$R$58:$R$300) -> 0 | L15: =VLOOKUP(J15,예산!$B$41:$N$53,5,FALSE) -> 0 | M15: =L15-K15 -> 0 | N15: =VLOOKUP(J15,'3월'!$J$10:$K$23,2,FALSE) -> 0 | O15: =K15-N15 -> 0
J16: =항목!M$3 -> 유류교통비 | K16: =SUMIF($L$58:$L$300,J16,$R$58:$R$300) -> 0 | L16: =VLOOKUP(J16,예산!$B$41:$N$53,5,FALSE) -> 0 | M16: =L16-K16 -> 0 | N16: =VLOOKUP(J16,'3월'!$J$10:$K$23,2,FALSE) -> 0 | O16: =K16-N16 -> 0
B17: =B11+14 -> 45760 | C17: =C11+14 -> 45761 | D17: =D11+14 -> 45762 | E17: =E11+14 -> 45763 | F17: =F11+14 -> 45764 | G17: =G11+14 -> 45765 | H17: =H11+14 -> 45766 | J17: =항목!I$3 -> 의류미용비 | K17: =SUMIF($L$58:$L$300,J17,$R$58:$R$300) -> 0 | L17: =VLOOKUP(J17,예산!$B$41:$N$53,5,FALSE) -> 0 | M17: =L17-K17 -> 0 | N17: =VLOOKUP(J17,'3월'!$J$10:$K$23,2,FALSE) -> 0 | O17: =K17-N17 -> 0
B18: =IF(MONTH(B17)<>$A$2,"",IF(AND(SUMIF($J$81:$J$145,B17,$R$81:$R$145)=0,B17<TODAY()),"무지출",SUMIF($J$81:$J$145,B17,$R$81:$R$145))) -> 무지출 | C18: =IF(MONTH(C17)<>$A$2,"",IF(AND(SUMIF($J$81:$J$145,C17,$R$81:$R$145)=0,C17<TODAY()),"무지출",SUMIF($J$81:$J$145,C17,$R$81:$R$145))) -> 무지출 | D18: =IF(MONTH(D17)<>$A$2,"",IF(AND(SUMIF($J$81:$J$145,D17,$R$81:$R$145)=0,D17<TODAY()),"무지출",SUMIF($J$81:$J$145,D17,$R$81:$R$145))) -> 무지출 | E18: =IF(MONTH(E17)<>$A$2,"",IF(AND(SUMIF($J$81:$J$145,E17,$R$81:$R$145)=0,E17<TODAY()),"무지출",SUMIF($J$81:$J$145,E17,$R$81:$R$145))) -> 무지출 | F18: =IF(MONTH(F17)<>$A$2,"",IF(AND(SUMIF($J$81:$J$145,F17,$R$81:$R$145)=0,F17<TODAY()),"무지출",SUMIF($J$81:$J$145,F17,$R$81:$R$145))) -> 무지출 | G18: =IF(MONTH(G17)<>$A$2,"",IF(AND(SUMIF($J$81:$J$145,G17,$R$81:$R$145)=0,G17<TODAY()),"무지출",SUMIF($J$81:$J$145,G17,$R$81:$R$145))) -> 무지출 | H18: =IF(MONTH(H17)<>$A$2,"",IF(AND(SUMIF($J$81:$J$145,H17,$R$81:$R$145)=0,H17<TODAY()),"무지출",SUMIF($J$81:$J$145,H17,$R$81:$R$145))) -> 무지출 | J18: =항목!L$3 -> 의료비 | K18: =SUMIF($L$58:$L$300,J18,$R$58:$R$300) -> 0 | L18: =VLOOKUP(J18,예산!$B$41:$N$53,5,FALSE) -> 0 | M18: =L18-K18 -> 0 | N18: =VLOOKUP(J18,'3월'!$J$10:$K$23,2,FALSE) -> 0 | O18: =K18-N18 -> 0
J19: =항목!G$3 -> 생활용품비 | K19: =SUMIF($L$58:$L$300,J19,$R$58:$R$300) -> 0 | L19: =VLOOKUP(J19,예산!$B$41:$N$53,5,FALSE) -> 0 | M19: =L19-K19 -> 0 | N19: =VLOOKUP(J19,'3월'!$J$10:$K$23,2,FALSE) -> 0 | O19: =K19-N19 -> 0
B20: =B11+21 -> 45767 | C20: =C11+21 -> 45768 | D20: =D11+21 -> 45769 | E20: =E11+21 -> 45770 | F20: =F11+21 -> 45771 | G20: =G11+21 -> 45772 | H20: =H11+21 -> 45773 | J20: =항목!F$3 -> 주거비 | K20: =SUMIF($L$58:$L$300,J20,$R$58:$R$300) -> 0 | L20: =VLOOKUP(J20,예산!$B$41:$N$53,5,FALSE) -> 0 | M20: =L20-K20 -> 0 | N20: =VLOOKUP(J20,'3월'!$J$10:$K$23,2,FALSE) -> 0 | O20: =K20-N20 -> 0
B21: =IF(MONTH(B20)<>$A$2,"",IF(AND(SUMIF($J$81:$J$145,B20,$R$81:$R$145)=0,B20<TODAY()),"무지출",SUMIF($J$81:$J$145,B20,$R$81:$R$145))) -> 무지출 | C21: =IF(MONTH(C20)<>$A$2,"",IF(AND(SUMIF($J$81:$J$145,C20,$R$81:$R$145)=0,C20<TODAY()),"무지출",SUMIF($J$81:$J$145,C20,$R$81:$R$145))) -> 무지출 | D21: =IF(MONTH(D20)<>$A$2,"",IF(AND(SUMIF($J$81:$J$145,D20,$R$81:$R$145)=0,D20<TODAY()),"무지출",SUMIF($J$81:$J$145,D20,$R$81:$R$145))) -> 무지출 | E21: =IF(MONTH(E20)<>$A$2,"",IF(AND(SUMIF($J$81:$J$145,E20,$R$81:$R$145)=0,E20<TODAY()),"무지출",SUMIF($J$81:$J$145,E20,$R$81:$R$145))) -> 무지출 | F21: =IF(MONTH(F20)<>$A$2,"",IF(AND(SUMIF($J$81:$J$145,F20,$R$81:$R$145)=0,F20<TODAY()),"무지출",SUMIF($J$81:$J$145,F20,$R$81:$R$145))) -> 무지출 | G21: =IF(MONTH(G20)<>$A$2,"",IF(AND(SUMIF($J$81:$J$145,G20,$R$81:$R$145)=0,G20<TODAY()),"무지출",SUMIF($J$81:$J$145,G20,$R$81:$R$145))) -> 무지출 | H21: =IF(MONTH(H20)<>$A$2,"",IF(AND(SUMIF($J$81:$J$145,H20,$R$81:$R$145)=0,H20<TODAY()),"무지출",SUMIF($J$81:$J$145,H20,$R$81:$R$145))) -> 무지출 | J21: =항목!H$3 -> 반려동물비 | K21: =SUMIF($L$58:$L$300,J21,$R$58:$R$300) -> 0 | L21: =VLOOKUP(J21,예산!$B$41:$N$53,5,FALSE) -> 0 | M21: =L21-K21 -> 0 | N21: =VLOOKUP(J21,'3월'!$J$10:$K$23,2,FALSE) -> 0 | O21: =K21-N21 -> 0
J22: =항목!K$3 -> 문화생활비 | K22: =SUMIF($L$58:$L$300,J22,$R$58:$R$300) -> 0 | L22: =VLOOKUP(J22,예산!$B$41:$N$53,5,FALSE) -> 0 | M22: =L22-K22 -> 0 | N22: =VLOOKUP(J22,'3월'!$J$10:$K$23,2,FALSE) -> 0 | O22: =K22-N22 -> 0
B23: =B11+28 -> 45774 | C23: =C11+28 -> 45775 | D23: =D11+28 -> 45776 | E23: =E11+28 -> 45777 | F23: =F11+28 -> 45778 | G23: =G11+28 -> 45779 | H23: =H11+28 -> 45780 | J23: =항목!Q$3 -> 추가항목 | K23: =SUMIF($L$58:$L$300,J23,$R$58:$R$300) -> 0 | L23: =VLOOKUP(J23,예산!$B$41:$N$53,5,FALSE) -> 0 | M23: =L23-K23 -> 0 | N23: =VLOOKUP(J23,'3월'!$J$10:$K$23,2,FALSE) -> 0 | O23: =K23-N23 -> 0
B24: =IF(MONTH(B23)<>$A$2,"",IF(AND(SUMIF($J$81:$J$145,B23,$R$81:$R$145)=0,B23<TODAY()),"무지출",SUMIF($J$81:$J$145,B23,$R$81:$R$145))) -> 무지출 | C24: =IF(MONTH(C23)<>$A$2,"",IF(AND(SUMIF($J$81:$J$145,C23,$R$81:$R$145)=0,C23<TODAY()),"무지출",SUMIF($J$81:$J$145,C23,$R$81:$R$145))) -> 무지출 | D24: =IF(MONTH(D23)<>$A$2,"",IF(AND(SUMIF($J$81:$J$145,D23,$R$81:$R$145)=0,D23<TODAY()),"무지출",SUMIF($J$81:$J$145,D23,$R$81:$R$145))) -> 무지출 | E24: =IF(MONTH(E23)<>$A$2,"",IF(AND(SUMIF($J$81:$J$145,E23,$R$81:$R$145)=0,E23<TODAY()),"무지출",SUMIF($J$81:$J$145,E23,$R$81:$R$145))) -> 무지출 | F24: =IF(MONTH(F23)<>$A$2,"",IF(AND(SUMIF($J$81:$J$145,F23,$R$81:$R$145)=0,F23<TODAY()),"무지출",SUMIF($J$81:$J$145,F23,$R$81:$R$145))) | G24: =IF(MONTH(G23)<>$A$2,"",IF(AND(SUMIF($J$81:$J$145,G23,$R$81:$R$145)=0,G23<TODAY()),"무지출",SUMIF($J$81:$J$145,G23,$R$81:$R$145))) | H24: =IF(MONTH(H23)<>$A$2,"",IF(AND(SUMIF($J$81:$J$145,H23,$R$81:$R$145)=0,H23<TODAY()),"무지출",SUMIF($J$81:$J$145,H23,$R$81:$R$145)))
J25: MEMO
B26: =B11+35 -> 45781 | C26: =C11+35 -> 45782 | D26: =D11+35 -> 45783 | E26: =E11+35 -> 45784 | F26: =F11+35 -> 45785 | G26: =G11+35 -> 45786 | H26: =H11+35 -> 45787
B27: =IF(MONTH(B26)<>$A$2,"",IF(AND(SUMIF($J$81:$J$145,B26,$R$81:$R$145)=0,B26<TODAY()),"무지출",SUMIF($J$81:$J$145,B26,$R$81:$R$145))) | C27: =IF(MONTH(C26)<>$A$2,"",IF(AND(SUMIF($J$81:$J$145,C26,$R$81:$R$145)=0,C26<TODAY()),"무지출",SUMIF($J$81:$J$145,C26,$R$81:$R$145))) | D27: =IF(MONTH(D26)<>$A$2,"",IF(AND(SUMIF($J$81:$J$145,D26,$R$81:$R$145)=0,D26<TODAY()),"무지출",SUMIF($J$81:$J$145,D26,$R$81:$R$145))) | E27: =IF(MONTH(E26)<>$A$2,"",IF(AND(SUMIF($J$81:$J$145,E26,$R$81:$R$145)=0,E26<TODAY()),"무지출",SUMIF($J$81:$J$145,E26,$R$81:$R$145))) | F27: =IF(MONTH(F26)<>$A$2,"",IF(AND(SUMIF($J$81:$J$145,F26,$R$81:$R$145)=0,F26<TODAY()),"무지출",SUMIF($J$81:$J$145,F26,$R$81:$R$145))) | G27: =IF(MONTH(G26)<>$A$2,"",IF(AND(SUMIF($J$81:$J$145,G26,$R$81:$R$145)=0,G26<TODAY()),"무지출",SUMIF($J$81:$J$145,G26,$R$81:$R$145))) | H27: =IF(MONTH(H26)<>$A$2,"",IF(AND(SUMIF($J$81:$J$145,H26,$R$81:$R$145)=0,H26<TODAY()),"무지출",SUMIF($J$81:$J$145,H26,$R$81:$R$145)))
B30: 수입 | J30: 지출
B32: ='1월'!B32 -> 고정수입 | C32: =SUM($H$34:$H$53) -> 0 | J32: ='1월'!J32 -> 저축성지출 | K32: =SUM($R$34:$R$53) -> 0
B33: 날짜 | C33: 대분류 | D33: 소분류 | E33: 내용 | H33: 금액 | J33: 날짜 | K33: 구분 | L33: 대분류 | M33: 소분류 | N33: 지출 내용 | P33: 결제금액 | Q33: 할인 | R33: 실지출 | S33: 비고
R34: =IF(P34="","",P34-Q34)
R35: =IF(P35="","",P35-Q35)
R36: =IF(P36="","",P36-Q36)
R37: =IF(P37="","",P37-Q37)
R38: =IF(P38="","",P38-Q38)
R39: =IF(P39="","",P39-Q39)
R40: =IF(P40="","",P40-Q40)
R41: =IF(P41="","",P41-Q41)
R42: =IF(P42="","",P42-Q42)
R43: =IF(P43="","",P43-Q43)
R44: =IF(P44="","",P44-Q44)
R45: =IF(P45="","",P45-Q45)
... R53: =IF(P53="","",P53-Q53)
K55: 총 예산 | L55: =예산!F40 -> 0
B56: ='1월'!B56 -> 부가수입 | C56: =SUM($H$58:$H$305) -> 0 | J56: ='1월'!J56 -> 고정지출 | K56: 실지출 계 | L56: =SUM($R$58:$R$300) -> 0
B57: 날짜 | C57: 대분류 | D57: 소분류 | E57: 내용 | H57: 금액 | J57: 날짜 | K57: 구분 | L57: 대분류 | M57: 소분류 | N57: 지출 내용 | P57: 결제금액 | Q57: 할인 | R57: 실지출 | S57: 예산 잔액 | T57: 비고
R58: =IF(P58="","",P58-Q58) | S58: =IF(R58="","",L55-R58)
R59: =IF(P59="","",P59-Q59) | S59: =IF(R59="","",S58-R59)
R60: =IF(P60="","",P60-Q60) | S60: =IF(R60="","",S59-R60)
R61: =IF(P61="","",P61-Q61) | S61: =IF(R61="","",S60-R61)
R62: =IF(P62="","",P62-Q62) | S62: =IF(R62="","",S61-R62)
R63: =IF(P63="","",P63-Q63) | S63: =IF(R63="","",S62-R63)
R64: =IF(P64="","",P64-Q64) | S64: =IF(R64="","",S63-R64)
R65: =IF(P65="","",P65-Q65) | S65: =IF(R65="","",S64-R65)
R66: =IF(P66="","",P66-Q66) | S66: =IF(R66="","",S65-R66)
R67: =IF(P67="","",P67-Q67) | S67: =IF(R67="","",S66-R67)
R68: =IF(P68="","",P68-Q68) | S68: =IF(R68="","",S67-R68)
R69: =IF(P69="","",P69-Q69) | S69: =IF(R69="","",S68-R69)
R70: =IF(P70="","",P70-Q70) | S70: =IF(R70="","",S69-R70)
... R77: =IF(P77="","",P77-Q77) | S77: =IF(R77="","",S76-R77)
J79: 변동지출 | R79: 변동지출 예산 | S79: =L55-SUM(P58:P77) -> 0
J80: 날짜 | K80: 구분 | L80: 대분류 | M80: 소분류 | N80: 지출 내용 | P80: 결제금액 | Q80: 할인 | R80: 실지출 | S80: 예산 잔액 | T80: 비고
R81: =IF(P81="","",P81-Q81) | S81: =IF(R81="","",S79-R81)
R82: =IF(P82="","",P82-Q82) | S82: =IF(R82="","",S81-R82)
R83: =IF(P83="","",P83-Q83) | S83: =IF(R83="","",S82-R83)
R84: =IF(P84="","",P84-Q84) | S84: =IF(R84="","",S83-R84)
R85: =IF(P85="","",P85-Q85) | S85: =IF(R85="","",S84-R85)
R86: =IF(P86="","",P86-Q86) | S86: =IF(R86="","",S85-R86)
R87: =IF(P87="","",P87-Q87) | S87: =IF(R87="","",S86-R87)
R88: =IF(P88="","",P88-Q88) | S88: =IF(R88="","",S87-R88)
R89: =IF(P89="","",P89-Q89) | S89: =IF(R89="","",S88-R89)
R90: =IF(P90="","",P90-Q90) | S90: =IF(R90="","",S89-R90)
R91: =IF(P91="","",P91-Q91) | S91: =IF(R91="","",S90-R91)
R92: =IF(P92="","",P92-Q92) | S92: =IF(R92="","",S91-R92)
R93: =IF(P93="","",P93-Q93) | S93: =IF(R93="","",S92-R93)
... R145: =IF(P145="","",P145-Q145) | S145: =IF(R145="","",S144-R145)

Sheet 5월
A1: =메인!$R$3 -> 2025 | B1: ◀ 05월 ▶
A2: =메인!$I$11 -> 5
B5: 총 수입 | C5: =SUM($C$32+$C$56) -> 0 | J5: ='1월'!J5 -> 이번달 목표 | P5: 필수지출
B6: 총 지출 | C6: =SUM($K$32+$L$56) -> 0
B7: 차액 | C7: =$C$5-$C$6 -> 0
G8: 무지출 성공 | H8: =COUNTIF(B10:H28,"무지출") -> 31
B9: 변동지출 달력 | J9: 소비성 지출 분석
B10: 일 | C10: 월 | D10: 화 | E10: 수 | F10: 목 | G10: 금 | H10: 토 | J10: 항목 | K10: 지출계 | L10: 예산 | M10: 예산대비 | N10: 전월지출 | O10: 전월대비
B11: =DATE($A$1,$A$2,1)-WEEKDAY(DATE($A$1,$A$2,1))+1 -> 45774 | C11: =B11+1 -> 45775 | D11: =C11+1 -> 45776 | E11: =D11+1 -> 45777 | F11: =E11+1 -> 45778 | G11: =F11+1 -> 45779 | H11: =G11+1 -> 45780 | J11: =항목!N$3 -> 통신비 | K11: =SUMIF($L$58:$L$300,J11,$R$58:$R$300) -> 0 | L11: =VLOOKUP(J11,예산!$B$41:$N$53,6,FALSE) -> 0 | M11: =L11-K11 -> 0 | N11: =VLOOKUP(J11,'4월'!$J$10:$K$23,2,FALSE) -> 0 | O11: =K11-N11 -> 0
B12: =IF(MONTH(B11)<>$A$2,"",IF(AND(SUMIF($J$81:$J$164,B11,$R$81:$R$164)=0,B11<TODAY()),"무지출",SUMIF($J$81:$J$164,B11,$R$81:$R$164))) | C12: =IF(MONTH(C11)<>$A$2,"",IF(AND(SUMIF($J$81:$J$164,C11,$R$81:$R$164)=0,C11<TODAY()),"무지출",SUMIF($J$81:$J$164,C11,$R$81:$R$164))) | D12: =IF(MONTH(D11)<>$A$2,"",IF(AND(SUMIF($J$81:$J$164,D11,$R$81:$R$164)=0,D11<TODAY()),"무지출",SUMIF($J$81:$J$164,D11,$R$81:$R$164))) | E12: =IF(MONTH(E11)<>$A$2,"",IF(AND(SUMIF($J$81:$J$164,E11,$R$81:$R$164)=0,E11<TODAY()),"무지출",SUMIF($J$81:$J$164,E11,$R$81:$R$164))) | F12: =IF(MONTH(F11)<>$A$2,"",IF(AND(SUMIF($J$81:$J$164,F11,$R$81:$R$164)=0,F11<TODAY()),"무지출",SUMIF($J$81:$J$164,F11,$R$81:$R$164))) -> 무지출 | G12: =IF(MONTH(G11)<>$A$2,"",IF(AND(SUMIF($J$81:$J$164,G11,$R$81:$R$164)=0,G11<TODAY()),"무지출",SUMIF($J$81:$J$164,G11,$R$81:$R$164))) -> 무지출 | H12: =IF(MONTH(H11)<>$A$2,"",IF(AND(SUMIF($J$81:$J$164,H11,$R$81:$R$164)=0,H11<TODAY()),"무지출",SUMIF($J$81:$J$164,H11,$R$81:$R$164))) -> 무지출 | J12: =항목!J$3 -> 교육비 | K12: =SUMIF($L$58:$L$300,J12,$R$58:$R$300) -> 0 | L12: =VLOOKUP(J12,예산!$B$41:$N$53,6,FALSE) -> 0 | M12: =L12-K12 -> 0 | N12: =VLOOKUP(J12,'4월'!$J$10:$K$23,2,FALSE) -> 0 | O12: =K12-N12 -> 0
J13: =항목!P$3 -> 용돈 | K13: =SUMIF($L$58:$L$300,J13,$R$58:$R$300) -> 0 | L13: =VLOOKUP(J13,예산!$B$41:$N$53,6,FALSE) -> 0 | M13: =L13-K13 -> 0 | N13: =VLOOKUP(J13,'4월'!$J$10:$K$23,2,FALSE) -> 0 | O13: =K13-N13 -> 0
B14: =B11+7 -> 45781 | C14: =C11+7 -> 45782 | D14: =D11+7 -> 45783 | E14: =E11+7 -> 45784 | F14: =F11+7 -> 45785 | G14: =G11+7 -> 45786 | H14: =H11+7 -> 45787 | J14: =항목!E$3 -> 식비 | K14: =SUMIF($L$58:$L$300,J14,$R$58:$R$300) -> 0 | L14: =VLOOKUP(J14,예산!$B$41:$N$53,6,FALSE) -> 0 | M14: =L14-K14 -> 0 | N14: =VLOOKUP(J14,'4월'!$J$10:$K$23,2,FALSE) -> 0 | O14: =K14-N14 -> 0
B15: =IF(MONTH(B14)<>$A$2,"",IF(AND(SUMIF($J$81:$J$164,B14,$R$81:$R$164)=0,B14<TODAY()),"무지출",SUMIF($J$81:$J$164,B14,$R$81:$R$164))) -> 무지출 | C15: =IF(MONTH(C14)<>$A$2,"",IF(AND(SUMIF($J$81:$J$164,C14,$R$81:$R$164)=0,C14<TODAY()),"무지출",SUMIF($J$81:$J$164,C14,$R$81:$R$164))) -> 무지출 | D15: =IF(MONTH(D14)<>$A$2,"",IF(AND(SUMIF($J$81:$J$164,D14,$R$81:$R$164)=0,D14<TODAY()),"무지출",SUMIF($J$81:$J$164,D14,$R$81:$R$164))) -> 무지출 | E15: =IF(MONTH(E14)<>$A$2,"",IF(AND(SUMIF($J$81:$J$164,E14,$R$81:$R$164)=0,E14<TODAY()),"무지출",SUMIF($J$81:$J$164,E14,$R$81:$R$164))) -> 무지출 | F15: =IF(MONTH(F14)<>$A$2,"",IF(AND(SUMIF($J$81:$J$164,F14,$R$81:$R$164)=0,F14<TODAY()),"무지출",SUMIF($J$81:$J$164,F14,$R$81:$R$164))) -> 무지출 | G15: =IF(MONTH(G14)<>$A$2,"",IF(AND(SUMIF($J$81:$J$164,G14,$R$81:$R$164)=0,G14<TODAY()),"무지출",SUMIF($J$81:$J$164,G14,$R$81:$R$164))) -> 무지출 | H15: =IF(MONTH(H14)<>$A$2,"",IF(AND(SUMIF($J$81:$J$164,H14,$R$81:$R$164)=0,H14<TODAY()),"무지출",SUMIF($J$81:$J$164,H14,$R$81:$R$164))) -> 무지출 | J15: =항목!O$3 -> 경조사회비 | K15: =SUMIF($L$58:$L$300,J15,$R$58:$R$300) -> 0 | L15: =VLOOKUP(J15,예산!$B$41:$N$53,6,FALSE) -> 0 | M15: =L15-K15 -> 0 | N15: =VLOOKUP(J15,'4월'!$J$10:$K$23,2,FALSE) -> 0 | O15: =K15-N15 -> 0
J16: =항목!M$3 -> 유류교통비 | K16: =SUMIF($L$58:$L$300,J16,$R$58:$R$300) -> 0 | L16: =VLOOKUP(J16,예산!$B$41:$N$53,6,FALSE) -> 0 | M16: =L16-K16 -> 0 | N16: =VLOOKUP(J16,'4월'!$J$10:$K$23,2,FALSE) -> 0 | O16: =K16-N16 -> 0
B17: =B11+14 -> 45788 | C17: =C11+14 -> 45789 | D17: =D11+14 -> 45790 | E17: =E11+14 -> 45791 | F17: =F11+14 -> 45792 | G17: =G11+14 -> 45793 | H17: =H11+14 -> 45794 | J17: =항목!L$3 -> 의료비 | K17: =SUMIF($L$58:$L$300,J17,$R$58:$R$300) -> 0 | L17: =VLOOKUP(J17,예산!$B$41:$N$53,6,FALSE) -> 0 | M17: =L17-K17 -> 0 | N17: =VLOOKUP(J17,'4월'!$J$10:$K$23,2,FALSE) -> 0 | O17: =K17-N17 -> 0
B18: =IF(MONTH(B17)<>$A$2,"",IF(AND(SUMIF($J$81:$J$164,B17,$R$81:$R$164)=0,B17<TODAY()),"무지출",SUMIF($J$81:$J$164,B17,$R$81:$R$164))) -> 무지출 | C18: =IF(MONTH(C17)<>$A$2,"",IF(AND(SUMIF($J$81:$J$164,C17,$R$81:$R$164)=0,C17<TODAY()),"무지출",SUMIF($J$81:$J$164,C17,$R$81:$R$164))) -> 무지출 | D18: =IF(MONTH(D17)<>$A$2,"",IF(AND(SUMIF($J$81:$J$164,D17,$R$81:$R$164)=0,D17<TODAY()),"무지출",SUMIF($J$81:$J$164,D17,$R$81:$R$164))) -> 무지출 | E18: =IF(MONTH(E17)<>$A$2,"",IF(AND(SUMIF($J$81:$J$164,E17,$R$81:$R$164)=0,E17<TODAY()),"무지출",SUMIF($J$81:$J$164,E17,$R$81:$R$164))) -> 무지출 | F18: =IF(MONTH(F17)<>$A$2,"",IF(AND(SUMIF($J$81:$J$164,F17,$R$81:$R$164)=0,F17<TODAY()),"무지출",SUMIF($J$81:$J$164,F17,$R$81:$R$164))) -> 무지출 | G18: =IF(MONTH(G17)<>$A$2,"",IF(AND(SUMIF($J$81:$J$164,G17,$R$81:$R$164)=0,G17<TODAY()),"무지출",SUMIF($J$81:$J$164,G17,$R$81:$R$164))) -> 무지출 | H18: =IF(MONTH(H17)<>$A$2,"",IF(AND(SUMIF($J$81:$J$164,H17,$R$81:$R$164)=0,H17<TODAY()),"무지출",SUMIF($J$81:$J$164,H17,$R$81:$R$164))) -> 무지출 | J18: =항목!G$3 -> 생활용품비 | K18: =SUMIF($L$58:$L$300,J18,$R$58:$R$300) -> 0 | L18: =VLOOKUP(J18,예산!$B$41:$N$53,6,FALSE) -> 0 | M18: =L18-K18 -> 0 | N18: =VLOOKUP(J18,'4월'!$J$10:$K$23,2,FALSE) -> 0 | O18: =K18-N18 -> 0
J19: =항목!I$3 -> 의류미용비 | K19: =SUMIF($L$58:$L$300,J19,$R$58:$R$300) -> 0 | L19: =VLOOKUP(J19,예산!$B$41:$N$53,6,FALSE) -> 0 | M19: =L19-K19 -> 0 | N19: =VLOOKUP(J19,'4월'!$J$10:$K$23,2,FALSE) -> 0 | O19: =K19-N19 -> 0
B20: =B11+21 -> 45795 | C20: =C11+21 -> 45796 | D20: =D11+21 -> 45797 | E20: =E11+21 -> 45798 | F20: =F11+21 -> 45799 | G20: =G11+21 -> 45800 | H20: =H11+21 -> 45801 | J20: =항목!F$3 -> 주거비 | K20: =SUMIF($L$58:$L$300,J20,$R$58:$R$300) -> 0 | L20: =VLOOKUP(J20,예산!$B$41:$N$53,6,FALSE) -> 0 | M20: =L20-K20 -> 0 | N20: =VLOOKUP(J20,'4월'!$J$10:$K$23,2,FALSE) -> 0 | O20: =K20-N20 -> 0
B21: =IF(MONTH(B20)<>$A$2,"",IF(AND(SUMIF($J$81:$J$164,B20,$R$81:$R$164)=0,B20<TODAY()),"무지출",SUMIF($J$81:$J$164,B20,$R$81:$R$164))) -> 무지출 | C21: =IF(MONTH(C20)<>$A$2,"",IF(AND(SUMIF($J$81:$J$164,C20,$R$81:$R$164)=0,C20<TODAY()),"무지출",SUMIF($J$81:$J$164,C20,$R$81:$R$164))) -> 무지출 | D21: =IF(MONTH(D20)<>$A$2,"",IF(AND(SUMIF($J$81:$J$164,D20,$R$81:$R$164)=0,D20<TODAY()),"무지출",SUMIF($J$81:$J$164,D20,$R$81:$R$164))) -> 무지출 | E21: =IF(MONTH(E20)<>$A$2,"",IF(AND(SUMIF($J$81:$J$164,E20,$R$81:$R$164)=0,E20<TODAY()),"무지출",SUMIF($J$81:$J$164,E20,$R$81:$R$164))) -> 무지출 | F21: =IF(MONTH(F20)<>$A$2,"",IF(AND(SUMIF($J$81:$J$164,F20,$R$81:$R$164)=0,F20<TODAY()),"무지출",SUMIF($J$81:$J$164,F20,$R$81:$R$164))) -> 무지출 | G21: =IF(MONTH(G20)<>$A$2,"",IF(AND(SUMIF($J$81:$J$164,G20,$R$81:$R$164)=0,G20<TODAY()),"무지출",SUMIF($J$81:$J$164,G20,$R$81:$R$164))) -> 무지출 | H21: =IF(MONTH(H20)<>$A$2,"",IF(AND(SUMIF($J$81:$J$164,H20,$R$81:$R$164)=0,H20<TODAY()),"무지출",SUMIF($J$81:$J$164,H20,$R$81:$R$164))) -> 무지출 | J21: =항목!H$3 -> 반려동물비 | K21: =SUMIF($L$58:$L$300,J21,$R$58:$R$300) -> 0 | L21: =VLOOKUP(J21,예산!$B$41:$N$53,6,FALSE) -> 0 | M21: =L21-K21 -> 0 | N21: =VLOOKUP(J21,'4월'!$J$10:$K$23,2,FALSE) -> 0 | O21: =K21-N21 -> 0
J22: =항목!K$3 -> 문화생활비 | K22: =SUMIF($L$58:$L$300,J22,$R$58:$R$300) -> 0 | L22: =VLOOKUP(J22,예산!$B$41:$N$53,6,FALSE) -> 0 | M22: =L22-K22 -> 0 | N22: =VLOOKUP(J22,'4월'!$J$10:$K$23,2,FALSE) -> 0 | O22: =K22-N22 -> 0
B23: =B11+28 -> 45802 | C23: =C11+28 -> 45803 | D23: =D11+28 -> 45804 | E23: =E11+28 -> 45805 | F23: =F11+28 -> 45806 | G23: =G11+28 -> 45807 | H23: =H11+28 -> 45808 | J23: =항목!Q$3 -> 추가항목 | K23: =SUMIF($L$58:$L$300,J23,$R$58:$R$300) -> 0 | L23: =VLOOKUP(J23,예산!$B$41:$N$53,6,FALSE) -> 0 | M23: =L23-K23 -> 0 | N23: =VLOOKUP(J23,'4월'!$J$10:$K$23,2,FALSE) -> 0 | O23: =K23-N23 -> 0
B24: =IF(MONTH(B23)<>$A$2,"",IF(AND(SUMIF($J$81:$J$164,B23,$R$81:$R$164)=0,B23<TODAY()),"무지출",SUMIF($J$81:$J$164,B23,$R$81:$R$164))) -> 무지출 | C24: =IF(MONTH(C23)<>$A$2,"",IF(AND(SUMIF($J$81:$J$164,C23,$R$81:$R$164)=0,C23<TODAY()),"무지출",SUMIF($J$81:$J$164,C23,$R$81:$R$164))) -> 무지출 | D24: =IF(MONTH(D23)<>$A$2,"",IF(AND(SUMIF($J$81:$J$164,D23,$R$81:$R$164)=0,D23<TODAY()),"무지출",SUMIF($J$81:$J$164,D23,$R$81:$R$164))) -> 무지출 | E24: =IF(MONTH(E23)<>$A$2,"",IF(AND(SUMIF($J$81:$J$164,E23,$R$81:$R$164)=0,E23<TODAY()),"무지출",SUMIF($J$81:$J$164,E23,$R$81:$R$164))) -> 무지출 | F24: =IF(MONTH(F23)<>$A$2,"",IF(AND(SUMIF($J$81:$J$164,F23,$R$81:$R$164)=0,F23<TODAY()),"무지출",SUMIF($J$81:$J$164,F23,$R$81:$R$164))) -> 무지출 | G24: =IF(MONTH(G23)<>$A$2,"",IF(AND(SUMIF($J$81:$J$164,G23,$R$81:$R$164)=0,G23<TODAY()),"무지출",SUMIF($J$81:$J$164,G23,$R$81:$R$164))) -> 무지출 | H24: =IF(MONTH(H23)<>$A$2,"",IF(AND(SUMIF($J$81:$J$164,H23,$R$81:$R$164)=0,H23<TODAY()),"무지출",SUMIF($J$81:$J$164,H23,$R$81:$R$164))) -> 무지출
J25: MEMO
B26: =B11+35 -> 45809 | C26: =C11+35 -> 45810 | D26: =D11+35 -> 45811 | E26: =E11+35 -> 45812 | F26: =F11+35 -> 45813 | G26: =G11+35 -> 45814 | H26: =H11+35 -> 45815
B27: =IF(MONTH(B26)<>$A$2,"",IF(AND(SUMIF($J$81:$J$164,B26,$R$81:$R$164)=0,B26<TODAY()),"무지출",SUMIF($J$81:$J$164,B26,$R$81:$R$164))) | C27: =IF(MONTH(C26)<>$A$2,"",IF(AND(SUMIF($J$81:$J$164,C26,$R$81:$R$164)=0,C26<TODAY()),"무지출",SUMIF($J$81:$J$164,C26,$R$81:$R$164))) | D27: =IF(MONTH(D26)<>$A$2,"",IF(AND(SUMIF($J$81:$J$164,D26,$R$81:$R$164)=0,D26<TODAY()),"무지출",SUMIF($J$81:$J$164,D26,$R$81:$R$164))) | E27: =IF(MONTH(E26)<>$A$2,"",IF(AND(SUMIF($J$81:$J$164,E26,$R$81:$R$164)=0,E26<TODAY()),"무지출",SUMIF($J$81:$J$164,E26,$R$81:$R$164))) | F27: =IF(MONTH(F26)<>$A$2,"",IF(AND(SUMIF($J$81:$J$164,F26,$R$81:$R$164)=0,F26<TODAY()),"무지출",SUMIF($J$81:$J$164,F26,$R$81:$R$164))) | G27: =IF(MONTH(G26)<>$A$2,"",IF(AND(SUMIF($J$81:$J$164,G26,$R$81:$R$164)=0,G26<TODAY()),"무지출",SUMIF($J$81:$J$164,G26,$R$81:$R$164))) | H27: =IF(MONTH(H26)<>$A$2,"",IF(AND(SUMIF($J$81:$J$164,H26,$R$81:$R$164)=0,H26<TODAY()),"무지출",SUMIF($J$81:$J$164,H26,$R$81:$R$164)))
B30: 수입 | J30: 지출
B32: ='1월'!B32 -> 고정수입 | C32: =SUM($H$34:$H$53) -> 0 | J32: ='1월'!J32 -> 저축성지출 | K32: =SUM($R$34:$R$53) -> 0
B33: 날짜 | C33: 대분류 | D33: 소분류 | E33: 내용 | H33: 금액 | J33: 날짜 | K33: 구분 | L33: 대분류 | M33: 소분류 | N33: 지출 내용 | P33: 결제금액 | Q33: 할인 | R33: 실지출 | S33: 비고
R34: =IF(P34="","",P34-Q34)
R35: =IF(P35="","",P35-Q35)
R36: =IF(P36="","",P36-Q36)
R37: =IF(P37="","",P37-Q37)
R38: =IF(P38="","",P38-Q38)
R39: =IF(P39="","",P39-Q39)
R40: =IF(P40="","",P40-Q40)
R41: =IF(P41="","",P41-Q41)
R42: =IF(P42="","",P42-Q42)
R43: =IF(P43="","",P43-Q43)
R44: =IF(P44="","",P44-Q44)
R45: =IF(P45="","",P45-Q45)
... R53: =IF(P53="","",P53-Q53)
K55: 총 예산 | L55: =예산!G40 -> 0
B56: ='1월'!B56 -> 부가수입 | C56: =SUM($H$58:$H$145) -> 0 | J56: ='1월'!J56 -> 고정지출 | K56: 실지출 계 | L56: =SUM(R58:$R$300) -> 0
B57: 날짜 | C57: 대분류 | D57: 소분류 | E57: 내용 | H57: 금액 | J57: 날짜 | K57: 구분 | L57: 대분류 | M57: 소분류 | N57: 지출 내용 | P57: 결제금액 | Q57: 할인 | R57: 실지출 | S57: 예산 잔액 | T57: 비고
R58: =IF(P58="","",P58-Q58) | S58: =IF(R58="","",L55-R58)
R59: =IF(P59="","",P59-Q59) | S59: =IF(R59="","",S58-R59)
R60: =IF(P60="","",P60-Q60) | S60: =IF(R60="","",S59-R60)
R61: =IF(P61="","",P61-Q61) | S61: =IF(R61="","",S60-R61)
R62: =IF(P62="","",P62-Q62) | S62: =IF(R62="","",S61-R62)
R63: =IF(P63="","",P63-Q63) | S63: =IF(R63="","",S62-R63)
R64: =IF(P64="","",P64-Q64) | S64: =IF(R64="","",S63-R64)
R65: =IF(P65="","",P65-Q65) | S65: =IF(R65="","",S64-R65)
R66: =IF(P66="","",P66-Q66) | S66: =IF(R66="","",S65-R66)
R67: =IF(P67="","",P67-Q67) | S67: =IF(R67="","",S66-R67)
R68: =IF(P68="","",P68-Q68) | S68: =IF(R68="","",S67-R68)
R69: =IF(P69="","",P69-Q69) | S69: =IF(R69="","",S68-R69)
R70: =IF(P70="","",P70-Q70) | S70: =IF(R70="","",S69-R70)
... R77: =IF(P77="","",P77-Q77) | S77: =IF(R77="","",S76-R77)
J79: ='1월'!J79 -> 변동지출 | R79: 변동지출 예산 | S79: =L55-SUM(P58:P77) -> 0
J80: 날짜 | K80: 구분 | L80: 대분류 | M80: 소분류 | N80: 지출 내용 | P80: 결제금액 | Q80: 할인 | R80: 실지출 | S80: 예산 잔액 | T80: 비고
R81: =IF(P81="","",P81-Q81) | S81: =IF(R81="","",S79-R81)
R82: =IF(P82="","",P82-Q82) | S82: =IF(R82="","",S81-R82)
R83: =IF(P83="","",P83-Q83) | S83: =IF(R83="","",S82-R83)
R84: =IF(P84="","",P84-Q84) | S84: =IF(R84="","",S83-R84)
R85: =IF(P85="","",P85-Q85) | S85: =IF(R85="","",S84-R85)
R86: =IF(P86="","",P86-Q86) | S86: =IF(R86="","",S85-R86)
R87: =IF(P87="","",P87-Q87) | S87: =IF(R87="","",S86-R87)
R88: =IF(P88="","",P88-Q88) | S88: =IF(R88="","",S87-R88)
R89: =IF(P89="","",P89-Q89) | S89: =IF(R89="","",S88-R89)
R90: =IF(P90="","",P90-Q90) | S90: =IF(R90="","",S89-R90)
R91: =IF(P91="","",P91-Q91) | S91: =IF(R91="","",S90-R91)
R92: =IF(P92="","",P92-Q92) | S92: =IF(R92="","",S91-R92)
R93: =IF(P93="","",P93-Q93) | S93: =IF(R93="","",S92-R93)
... R145: =IF(P145="","",P145-Q145) | S145: =IF(R145="","",S144-R145)

Sheet 6월
A1: =메인!$R$3 -> 2025 | B1: ◀ 06월 ▶
A2: =메인!$J$11 -> 6
B5: 총 수입 | C5: =SUM($C$32+$C$56) -> 0 | J5: ='1월'!J5 -> 이번달 목표 | P5: 필수지출
B6: 총 지출 | C6: =SUM($K$32+$L$56) -> 0
B7: 차액 | C7: =$C$5-$C$6 -> 0
G8: 무지출 성공 | H8: =COUNTIF(B10:H28,"무지출") -> 30
B9: 변동지출 달력 | J9: 소비성 지출 분석
B10: 일 | C10: 월 | D10: 화 | E10: 수 | F10: 목 | G10: 금 | H10: 토 | J10: 항목 | K10: 지출계 | L10: 예산 | M10: 예산대비 | N10: 전월지출 | O10: 전월대비
B11: =DATE($A$1,$A$2,1)-WEEKDAY(DATE($A$1,$A$2,1))+1 -> 45809 | C11: =B11+1 -> 45810 | D11: =C11+1 -> 45811 | E11: =D11+1 -> 45812 | F11: =E11+1 -> 45813 | G11: =F11+1 -> 45814 | H11: =G11+1 -> 45815 | J11: =항목!N$3 -> 통신비 | K11: =SUMIF($L$58:$L$300,J11,$R$58:$R$300) -> 0 | L11: =VLOOKUP(J11,예산!$B$41:$N$53,7,FALSE) -> 0 | M11: =L11-K11 -> 0 | N11: =VLOOKUP(J11,'5월'!$J$10:$K$23,2,FALSE) -> 0 | O11: =K11-N11 -> 0
B12: =IF(MONTH(B11)<>$A$2,"",IF(AND(SUMIF($J$80:$J$164,B11,$R$80:$R$164)=0,B11<TODAY()),"무지출",SUMIF($J$80:$J$164,B11,$R$80:$R$164))) -> 무지출 | C12: =IF(MONTH(C11)<>$A$2,"",IF(AND(SUMIF($J$80:$J$164,C11,$R$80:$R$164)=0,C11<TODAY()),"무지출",SUMIF($J$80:$J$164,C11,$R$80:$R$164))) -> 무지출 | D12: =IF(MONTH(D11)<>$A$2,"",IF(AND(SUMIF($J$80:$J$164,D11,$R$80:$R$164)=0,D11<TODAY()),"무지출",SUMIF($J$80:$J$164,D11,$R$80:$R$164))) -> 무지출 | E12: =IF(MONTH(E11)<>$A$2,"",IF(AND(SUMIF($J$80:$J$164,E11,$R$80:$R$164)=0,E11<TODAY()),"무지출",SUMIF($J$80:$J$164,E11,$R$80:$R$164))) -> 무지출 | F12: =IF(MONTH(F11)<>$A$2,"",IF(AND(SUMIF($J$80:$J$164,F11,$R$80:$R$164)=0,F11<TODAY()),"무지출",SUMIF($J$80:$J$164,F11,$R$80:$R$164))) -> 무지출 | G12: =IF(MONTH(G11)<>$A$2,"",IF(AND(SUMIF($J$80:$J$164,G11,$R$80:$R$164)=0,G11<TODAY()),"무지출",SUMIF($J$80:$J$164,G11,$R$80:$R$164))) -> 무지출 | H12: =IF(MONTH(H11)<>$A$2,"",IF(AND(SUMIF($J$80:$J$164,H11,$R$80:$R$164)=0,H11<TODAY()),"무지출",SUMIF($J$80:$J$164,H11,$R$80:$R$164))) -> 무지출 | J12: =항목!J$3 -> 교육비 | K12: =SUMIF($L$58:$L$300,J12,$R$58:$R$300) -> 0 | L12: =VLOOKUP(J12,예산!$B$41:$N$53,7,FALSE) -> 0 | M12: =L12-K12 -> 0 | N12: =VLOOKUP(J12,'5월'!$J$10:$K$23,2,FALSE) -> 0 | O12: =K12-N12 -> 0
J13: =항목!G$3 -> 생활용품비 | K13: =SUMIF($L$58:$L$300,J13,$R$58:$R$300) -> 0 | L13: =VLOOKUP(J13,예산!$B$41:$N$53,7,FALSE) -> 0 | M13: =L13-K13 -> 0 | N13: =VLOOKUP(J13,'5월'!$J$10:$K$23,2,FALSE) -> 0 | O13: =K13-N13 -> 0
B14: =B11+7 -> 45816 | C14: =C11+7 -> 45817 | D14: =D11+7 -> 45818 | E14: =E11+7 -> 45819 | F14: =F11+7 -> 45820 | G14: =G11+7 -> 45821 | H14: =H11+7 -> 45822 | J14: =항목!P$3 -> 용돈 | K14: =SUMIF($L$58:$L$300,J14,$R$58:$R$300) -> 0 | L14: =VLOOKUP(J14,예산!$B$41:$N$53,7,FALSE) -> 0 | M14: =L14-K14 -> 0 | N14: =VLOOKUP(J14,'5월'!$J$10:$K$23,2,FALSE) -> 0 | O14: =K14-N14 -> 0
B15: =IF(MONTH(B14)<>$A$2,"",IF(AND(SUMIF($J$80:$J$164,B14,$R$80:$R$164)=0,B14<TODAY()),"무지출",SUMIF($J$80:$J$164,B14,$R$80:$R$164))) -> 무지출 | C15: =IF(MONTH(C14)<>$A$2,"",IF(AND(SUMIF($J$80:$J$164,C14,$R$80:$R$164)=0,C14<TODAY()),"무지출",SUMIF($J$80:$J$164,C14,$R$80:$R$164))) -> 무지출 | D15: =IF(MONTH(D14)<>$A$2,"",IF(AND(SUMIF($J$80:$J$164,D14,$R$80:$R$164)=0,D14<TODAY()),"무지출",SUMIF($J$80:$J$164,D14,$R$80:$R$164))) -> 무지출 | E15: =IF(MONTH(E14)<>$A$2,"",IF(AND(SUMIF($J$80:$J$164,E14,$R$80:$R$164)=0,E14<TODAY()),"무지출",SUMIF($J$80:$J$164,E14,$R$80:$R$164))) -> 무지출 | F15: =IF(MONTH(F14)<>$A$2,"",IF(AND(SUMIF($J$80:$J$164,F14,$R$80:$R$164)=0,F14<TODAY()),"무지출",SUMIF($J$80:$J$164,F14,$R$80:$R$164))) -> 무지출 | G15: =IF(MONTH(G14)<>$A$2,"",IF(AND(SUMIF($J$80:$J$164,G14,$R$80:$R$164)=0,G14<TODAY()),"무지출",SUMIF($J$80:$J$164,G14,$R$80:$R$164))) -> 무지출 | H15: =IF(MONTH(H14)<>$A$2,"",IF(AND(SUMIF($J$80:$J$164,H14,$R$80:$R$164)=0,H14<TODAY()),"무지출",SUMIF($J$80:$J$164,H14,$R$80:$R$164))) -> 무지출 | J15: =항목!O$3 -> 경조사회비 | K15: =SUMIF($L$58:$L$300,J15,$R$58:$R$300) -> 0 | L15: =VLOOKUP(J15,예산!$B$41:$N$53,7,FALSE) -> 0 | M15: =L15-K15 -> 0 | N15: =VLOOKUP(J15,'5월'!$J$10:$K$23,2,FALSE) -> 0 | O15: =K15-N15 -> 0
J16: =항목!M$3 -> 유류교통비 | K16: =SUMIF($L$58:$L$300,J16,$R$58:$R$300) -> 0 | L16: =VLOOKUP(J16,예산!$B$41:$N$53,7,FALSE) -> 0 | M16: =L16-K16 -> 0 | N16: =VLOOKUP(J16,'5월'!$J$10:$K$23,2,FALSE) -> 0 | O16: =K16-N16 -> 0
B17: =B11+14 -> 45823 | C17: =C11+14 -> 45824 | D17: =D11+14 -> 45825 | E17: =E11+14 -> 45826 | F17: =F11+14 -> 45827 | G17: =G11+14 -> 45828 | H17: =H11+14 -> 45829 | J17: =항목!L$3 -> 의료비 | K17: =SUMIF($L$58:$L$300,J17,$R$58:$R$300) -> 0 | L17: =VLOOKUP(J17,예산!$B$41:$N$53,7,FALSE) -> 0 | M17: =L17-K17 -> 0 | N17: =VLOOKUP(J17,'5월'!$J$10:$K$23,2,FALSE) -> 0 | O17: =K17-N17 -> 0
B18: =IF(MONTH(B17)<>$A$2,"",IF(AND(SUMIF($J$80:$J$164,B17,$R$80:$R$164)=0,B17<TODAY()),"무지출",SUMIF($J$80:$J$164,B17,$R$80:$R$164))) -> 무지출 | C18: =IF(MONTH(C17)<>$A$2,"",IF(AND(SUMIF($J$80:$J$164,C17,$R$80:$R$164)=0,C17<TODAY()),"무지출",SUMIF($J$80:$J$164,C17,$R$80:$R$164))) -> 무지출 | D18: =IF(MONTH(D17)<>$A$2,"",IF(AND(SUMIF($J$80:$J$164,D17,$R$80:$R$164)=0,D17<TODAY()),"무지출",SUMIF($J$80:$J$164,D17,$R$80:$R$164))) -> 무지출 | E18: =IF(MONTH(E17)<>$A$2,"",IF(AND(SUMIF($J$80:$J$164,E17,$R$80:$R$164)=0,E17<TODAY()),"무지출",SUMIF($J$80:$J$164,E17,$R$80:$R$164))) -> 무지출 | F18: =IF(MONTH(F17)<>$A$2,"",IF(AND(SUMIF($J$80:$J$164,F17,$R$80:$R$164)=0,F17<TODAY()),"무지출",SUMIF($J$80:$J$164,F17,$R$80:$R$164))) -> 무지출 | G18: =IF(MONTH(G17)<>$A$2,"",IF(AND(SUMIF($J$80:$J$164,G17,$R$80:$R$164)=0,G17<TODAY()),"무지출",SUMIF($J$80:$J$164,G17,$R$80:$R$164))) -> 무지출 | H18: =IF(MONTH(H17)<>$A$2,"",IF(AND(SUMIF($J$80:$J$164,H17,$R$80:$R$164)=0,H17<TODAY()),"무지출",SUMIF($J$80:$J$164,H17,$R$80:$R$164))) -> 무지출 | J18: =항목!E$3 -> 식비 | K18: =SUMIF($L$58:$L$300,J18,$R$58:$R$300) -> 0 | L18: =VLOOKUP(J18,예산!$B$41:$N$53,7,FALSE) -> 0 | M18: =L18-K18 -> 0 | N18: =VLOOKUP(J18,'5월'!$J$10:$K$23,2,FALSE) -> 0 | O18: =K18-N18 -> 0
J19: =항목!I$3 -> 의류미용비 | K19: =SUMIF($L$58:$L$300,J19,$R$58:$R$300) -> 0 | L19: =VLOOKUP(J19,예산!$B$41:$N$53,7,FALSE) -> 0 | M19: =L19-K19 -> 0 | N19: =VLOOKUP(J19,'5월'!$J$10:$K$23,2,FALSE) -> 0 | O19: =K19-N19 -> 0
B20: =B11+21 -> 45830 | C20: =C11+21 -> 45831 | D20: =D11+21 -> 45832 | E20: =E11+21 -> 45833 | F20: =F11+21 -> 45834 | G20: =G11+21 -> 45835 | H20: =H11+21 -> 45836 | J20: =항목!F$3 -> 주거비 | K20: =SUMIF($L$58:$L$300,J20,$R$58:$R$300) -> 0 | L20: =VLOOKUP(J20,예산!$B$41:$N$53,7,FALSE) -> 0 | M20: =L20-K20 -> 0 | N20: =VLOOKUP(J20,'5월'!$J$10:$K$23,2,FALSE) -> 0 | O20: =K20-N20 -> 0
B21: =IF(MONTH(B20)<>$A$2,"",IF(AND(SUMIF($J$80:$J$164,B20,$R$80:$R$164)=0,B20<TODAY()),"무지출",SUMIF($J$80:$J$164,B20,$R$80:$R$164))) -> 무지출 | C21: =IF(MONTH(C20)<>$A$2,"",IF(AND(SUMIF($J$80:$J$164,C20,$R$80:$R$164)=0,C20<TODAY()),"무지출",SUMIF($J$80:$J$164,C20,$R$80:$R$164))) -> 무지출 | D21: =IF(MONTH(D20)<>$A$2,"",IF(AND(SUMIF($J$80:$J$164,D20,$R$80:$R$164)=0,D20<TODAY()),"무지출",SUMIF($J$80:$J$164,D20,$R$80:$R$164))) -> 무지출 | E21: =IF(MONTH(E20)<>$A$2,"",IF(AND(SUMIF($J$80:$J$164,E20,$R$80:$R$164)=0,E20<TODAY()),"무지출",SUMIF($J$80:$J$164,E20,$R$80:$R$164))) -> 무지출 | F21: =IF(MONTH(F20)<>$A$2,"",IF(AND(SUMIF($J$80:$J$164,F20,$R$80:$R$164)=0,F20<TODAY()),"무지출",SUMIF($J$80:$J$164,F20,$R$80:$R$164))) -> 무지출 | G21: =IF(MONTH(G20)<>$A$2,"",IF(AND(SUMIF($J$80:$J$164,G20,$R$80:$R$164)=0,G20<TODAY()),"무지출",SUMIF($J$80:$J$164,G20,$R$80:$R$164))) -> 무지출 | H21: =IF(MONTH(H20)<>$A$2,"",IF(AND(SUMIF($J$80:$J$164,H20,$R$80:$R$164)=0,H20<TODAY()),"무지출",SUMIF($J$80:$J$164,H20,$R$80:$R$164))) -> 무지출 | J21: =항목!H$3 -> 반려동물비 | K21: =SUMIF($L$58:$L$300,J21,$R$58:$R$300) -> 0 | L21: =VLOOKUP(J21,예산!$B$41:$N$53,7,FALSE) -> 0 | M21: =L21-K21 -> 0 | N21: =VLOOKUP(J21,'5월'!$J$10:$K$23,2,FALSE) -> 0 | O21: =K21-N21 -> 0
J22: =항목!K$3 -> 문화생활비 | K22: =SUMIF($L$58:$L$300,J22,$R$58:$R$300) -> 0 | L22: =VLOOKUP(J22,예산!$B$41:$N$53,7,FALSE) -> 0 | M22: =L22-K22 -> 0 | N22: =VLOOKUP(J22,'5월'!$J$10:$K$23,2,FALSE) -> 0 | O22: =K22-N22 -> 0
B23: =B11+28 -> 45837 | C23: =C11+28 -> 45838 | D23: =D11+28 -> 45839 | E23: =E11+28 -> 45840 | F23: =F11+28 -> 45841 | G23: =G11+28 -> 45842 | H23: =H11+28 -> 45843 | J23: =항목!Q$3 -> 추가항목 | K23: =SUMIF($L$58:$L$300,J23,$R$58:$R$300) -> 0 | L23: =VLOOKUP(J23,예산!$B$41:$N$53,7,FALSE) -> 0 | M23: =L23-K23 -> 0 | N23: =VLOOKUP(J23,'5월'!$J$10:$K$23,2,FALSE) -> 0 | O23: =K23-N23 -> 0
B24: =IF(MONTH(B23)<>$A$2,"",IF(AND(SUMIF($J$80:$J$164,B23,$R$80:$R$164)=0,B23<TODAY()),"무지출",SUMIF($J$80:$J$164,B23,$R$80:$R$164))) -> 무지출 | C24: =IF(MONTH(C23)<>$A$2,"",IF(AND(SUMIF($J$80:$J$164,C23,$R$80:$R$164)=0,C23<TODAY()),"무지출",SUMIF($J$80:$J$164,C23,$R$80:$R$164))) -> 무지출 | D24: =IF(MONTH(D23)<>$A$2,"",IF(AND(SUMIF($J$80:$J$164,D23,$R$80:$R$164)=0,D23<TODAY()),"무지출",SUMIF($J$80:$J$164,D23,$R$80:$R$164))) | E24: =IF(MONTH(E23)<>$A$2,"",IF(AND(SUMIF($J$80:$J$164,E23,$R$80:$R$164)=0,E23<TODAY()),"무지출",SUMIF($J$80:$J$164,E23,$R$80:$R$164))) | F24: =IF(MONTH(F23)<>$A$2,"",IF(AND(SUMIF($J$80:$J$164,F23,$R$80:$R$164)=0,F23<TODAY()),"무지출",SUMIF($J$80:$J$164,F23,$R$80:$R$164))) | G24: =IF(MONTH(G23)<>$A$2,"",IF(AND(SUMIF($J$80:$J$164,G23,$R$80:$R$164)=0,G23<TODAY()),"무지출",SUMIF($J$80:$J$164,G23,$R$80:$R$164))) | H24: =IF(MONTH(H23)<>$A$2,"",IF(AND(SUMIF($J$80:$J$164,H23,$R$80:$R$164)=0,H23<TODAY()),"무지출",SUMIF($J$80:$J$164,H23,$R$80:$R$164)))
J25: MEMO
B26: =B11+35 -> 45844 | C26: =C11+35 -> 45845 | D26: =D11+35 -> 45846 | E26: =E11+35 -> 45847 | F26: =F11+35 -> 45848 | G26: =G11+35 -> 45849 | H26: =H11+35 -> 45850
B27: =IF(MONTH(B26)<>$A$2,"",IF(AND(SUMIF($J$80:$J$164,B26,$R$80:$R$164)=0,B26<TODAY()),"무지출",SUMIF($J$80:$J$164,B26,$R$80:$R$164))) | C27: =IF(MONTH(C26)<>$A$2,"",IF(AND(SUMIF($J$80:$J$164,C26,$R$80:$R$164)=0,C26<TODAY()),"무지출",SUMIF($J$80:$J$164,C26,$R$80:$R$164))) | D27: =IF(MONTH(D26)<>$A$2,"",IF(AND(SUMIF($J$80:$J$164,D26,$R$80:$R$164)=0,D26<TODAY()),"무지출",SUMIF($J$80:$J$164,D26,$R$80:$R$164))) | E27: =IF(MONTH(E26)<>$A$2,"",IF(AND(SUMIF($J$80:$J$164,E26,$R$80:$R$164)=0,E26<TODAY()),"무지출",SUMIF($J$80:$J$164,E26,$R$80:$R$164))) | F27: =IF(MONTH(F26)<>$A$2,"",IF(AND(SUMIF($J$80:$J$164,F26,$R$80:$R$164)=0,F26<TODAY()),"무지출",SUMIF($J$80:$J$164,F26,$R$80:$R$164))) | G27: =IF(MONTH(G26)<>$A$2,"",IF(AND(SUMIF($J$80:$J$164,G26,$R$80:$R$164)=0,G26<TODAY()),"무지출",SUMIF($J$80:$J$164,G26,$R$80:$R$164))) | H27: =IF(MONTH(H26)<>$A$2,"",IF(AND(SUMIF($J$80:$J$164,H26,$R$80:$R$164)=0,H26<TODAY()),"무지출",SUMIF($J$80:$J$164,H26,$R$80:$R$164)))
B30: 수입 | J30: 지출
B32: ='1월'!B32 -> 고정수입 | C32: =SUM($H$34:$H$53) -> 0 | J32: ='1월'!J32 -> 저축성지출 | K32: =SUM($R$34:$R$53) -> 0
B33: 날짜 | C33: 대분류 | D33: 소분류 | E33: 내용 | H33: 금액 | J33: 날짜 | K33: 구분 | L33: 대분류 | M33: 소분류 | N33: 지출 내용 | P33: 결제금액 | Q33: 할인 | R33: 실지출 | S33: 비고
R34: =IF(P34="","",P34-Q34)
R35: =IF(P35="","",P35-Q35)
R36: =IF(P36="","",P36-Q36)
R37: =IF(P37="","",P37-Q37)
R38: =IF(P38="","",P38-Q38)
R39: =IF(P39="","",P39-Q39)
R40: =IF(P40="","",P40-Q40)
R41: =IF(P41="","",P41-Q41)
R42: =IF(P42="","",P42-Q42)
R43: =IF(P43="","",P43-Q43)
R44: =IF(P44="","",P44-Q44)
R45: =IF(P45="","",P45-Q45)
... R53: =IF(P53="","",P53-Q53)
K55: 총 예산 | L55: =예산!H40 -> 0
B56: ='1월'!B56 -> 부가수입 | C56: =SUM($H$58:$H$305) -> 0 | J56: ='1월'!J56 -> 고정지출 | K56: 실지출 계 | L56: =SUM($R$58:$R$300) -> 0
B57: 날짜 | C57: 대분류 | D57: 소분류 | E57: 내용 | H57: 금액 | J57: 날짜 | K57: 구분 | L57: 대분류 | M57: 소분류 | N57: 지출 내용 | P57: 결제금액 | Q57: 할인 | R57: 실지출 | S57: 예산 잔액 | T57: 비고
R58: =IF(P58="","",P58-Q58) | S58: =IF(R58="","",L55-R58)
R59: =IF(P59="","",P59-Q59) | S59: =IF(R59="","",S58-R59)
R60: =IF(P60="","",P60-Q60) | S60: =IF(R60="","",S59-R60)
R61: =IF(P61="","",P61-Q61) | S61: =IF(R61="","",S60-R61)
R62: =IF(P62="","",P62-Q62) | S62: =IF(R62="","",S61-R62)
R63: =IF(P63="","",P63-Q63) | S63: =IF(R63="","",S62-R63)
R64: =IF(P64="","",P64-Q64) | S64: =IF(R64="","",S63-R64)
R65: =IF(P65="","",P65-Q65) | S65: =IF(R65="","",S64-R65)
R66: =IF(P66="","",P66-Q66) | S66: =IF(R66="","",S65-R66)
R67: =IF(P67="","",P67-Q67) | S67: =IF(R67="","",S66-R67)
R68: =IF(P68="","",P68-Q68) | S68: =IF(R68="","",S67-R68)
R69: =IF(P69="","",P69-Q69) | S69: =IF(R69="","",S68-R69)
R70: =IF(P70="","",P70-Q70) | S70: =IF(R70="","",S69-R70)
... R77: =IF(P77="","",P77-Q77) | S77: =IF(R77="","",S76-R77)
J79: ='1월'!J79 -> 변동지출 | R79: 변동지출 예산 | S79: =L55-SUM(P58:P77) -> 0
J80: 날짜 | K80: 구분 | L80: 대분류 | M80: 소분류 | N80: 지출 내용 | P80: 결제금액 | Q80: 할인 | R80: 실지출 | S80: 예산 잔액 | T80: 비고
R81: =IF(P81="","",P81-Q81) | S81: =IF(R81="","",S79-R81)
R82: =IF(P82="","",P82-Q82) | S82: =IF(R82="","",S81-R82)
R83: =IF(P83="","",P83-Q83) | S83: =IF(R83="","",S82-R83)
R84: =IF(P84="","",P84-Q84) | S84: =IF(R84="","",S83-R84)
R85: =IF(P85="","",P85-Q85) | S85: =IF(R85="","",S84-R85)
R86: =IF(P86="","",P86-Q86) | S86: =IF(R86="","",S85-R86)
R87: =IF(P87="","",P87-Q87) | S87: =IF(R87="","",S86-R87)
R88: =IF(P88="","",P88-Q88) | S88: =IF(R88="","",S87-R88)
R89: =IF(P89="","",P89-Q89) | S89: =IF(R89="","",S88-R89)
R90: =IF(P90="","",P90-Q90) | S90: =IF(R90="","",S89-R90)
R91: =IF(P91="","",P91-Q91) | S91: =IF(R91="","",S90-R91)
R92: =IF(P92="","",P92-Q92) | S92: =IF(R92="","",S91-R92)
R93: =IF(P93="","",P93-Q93) | S93: =IF(R93="","",S92-R93)
... R145: =IF(P145="","",P145-Q145) | S145: =IF(R145="","",S144-R145)

Sheet 7월
A1: =메인!$R$3 -> 2025 | B1: ◀ 07월 ▶
A2: =메인!$K$11 -> 7
B5: 총 수입 | C5: =SUM($C$32+$C$56) -> 0 | J5: ='1월'!J5 -> 이번달 목표 | P5: 필수지출
B6: 총 지출 | C6: =SUM($K$32+$L$56) -> 0
B7: 차액 | C7: =$C$5-$C$6 -> 0
G8: 무지출 성공 | H8: =COUNTIF(B10:H28,"무지출") -> 31
B9: 변동지출 달력 | J9: 소비성 지출 분석
B10: 일 | C10: 월 | D10: 화 | E10: 수 | F10: 목 | G10: 금 | H10: 토 | J10: 항목 | K10: 지출계 | L10: 예산 | M10: 예산대비 | N10: 전월지출 | O10: 전월대비
B11: =DATE($A$1,$A$2,1)-WEEKDAY(DATE($A$1,$A$2,1))+1 -> 45837 | C11: =B11+1 -> 45838 | D11: =C11+1 -> 45839 | E11: =D11+1 -> 45840 | F11: =E11+1 -> 45841 | G11: =F11+1 -> 45842 | H11: =G11+1 -> 45843 | J11: =항목!N$3 -> 통신비 | K11: =SUMIF($L$58:$L$300,J11,$R$58:$R$300) -> 0 | L11: =VLOOKUP(J11,예산!$B$41:$N$53,8,FALSE) -> 0 | M11: =L11-K11 -> 0 | N11: =VLOOKUP(J11,'6월'!$J$10:$K$23,2,FALSE) -> 0 | O11: =K11-N11 -> 0
B12: =IF(MONTH(B11)<>$A$2,"",IF(AND(SUMIF($J$80:$J$173,B11,$R$80:$R$173)=0,B11<TODAY()),"무지출",SUMIF($J$80:$J$173,B11,$R$80:$R$173))) | C12: =IF(MONTH(C11)<>$A$2,"",IF(AND(SUMIF($J$80:$J$173,C11,$R$80:$R$173)=0,C11<TODAY()),"무지출",SUMIF($J$80:$J$173,C11,$R$80:$R$173))) | D12: =IF(MONTH(D11)<>$A$2,"",IF(AND(SUMIF($J$80:$J$173,D11,$R$80:$R$173)=0,D11<TODAY()),"무지출",SUMIF($J$80:$J$173,D11,$R$80:$R$173))) -> 무지출 | E12: =IF(MONTH(E11)<>$A$2,"",IF(AND(SUMIF($J$80:$J$173,E11,$R$80:$R$173)=0,E11<TODAY()),"무지출",SUMIF($J$80:$J$173,E11,$R$80:$R$173))) -> 무지출 | F12: =IF(MONTH(F11)<>$A$2,"",IF(AND(SUMIF($J$80:$J$173,F11,$R$80:$R$173)=0,F11<TODAY()),"무지출",SUMIF($J$80:$J$173,F11,$R$80:$R$173))) -> 무지출 | G12: =IF(MONTH(G11)<>$A$2,"",IF(AND(SUMIF($J$80:$J$173,G11,$R$80:$R$173)=0,G11<TODAY()),"무지출",SUMIF($J$80:$J$173,G11,$R$80:$R$173))) -> 무지출 | H12: =IF(MONTH(H11)<>$A$2,"",IF(AND(SUMIF($J$80:$J$173,H11,$R$80:$R$173)=0,H11<TODAY()),"무지출",SUMIF($J$80:$J$173,H11,$R$80:$R$173))) -> 무지출 | J12: =항목!J$3 -> 교육비 | K12: =SUMIF($L$58:$L$300,J12,$R$58:$R$300) -> 0 | L12: =VLOOKUP(J12,예산!$B$41:$N$53,8,FALSE) -> 0 | M12: =L12-K12 -> 0 | N12: =VLOOKUP(J12,'6월'!$J$10:$K$23,2,FALSE) -> 0 | O12: =K12-N12 -> 0
J13: =항목!M$3 -> 유류교통비 | K13: =SUMIF($L$58:$L$300,J13,$R$58:$R$300) -> 0 | L13: =VLOOKUP(J13,예산!$B$41:$N$53,8,FALSE) -> 0 | M13: =L13-K13 -> 0 | N13: =VLOOKUP(J13,'6월'!$J$10:$K$23,2,FALSE) -> 0 | O13: =K13-N13 -> 0
B14: =B11+7 -> 45844 | C14: =C11+7 -> 45845 | D14: =D11+7 -> 45846 | E14: =E11+7 -> 45847 | F14: =F11+7 -> 45848 | G14: =G11+7 -> 45849 | H14: =H11+7 -> 45850 | J14: =항목!Q$3 -> 추가항목 | K14: =SUMIF($L$58:$L$300,J14,$R$58:$R$300) -> 0 | L14: =VLOOKUP(J14,예산!$B$41:$N$53,8,FALSE) -> 0 | M14: =L14-K14 -> 0 | N14: =VLOOKUP(J14,'6월'!$J$10:$K$23,2,FALSE) -> 0 | O14: =K14-N14 -> 0
B15: =IF(MONTH(B14)<>$A$2,"",IF(AND(SUMIF($J$80:$J$173,B14,$R$80:$R$173)=0,B14<TODAY()),"무지출",SUMIF($J$80:$J$173,B14,$R$80:$R$173))) -> 무지출 | C15: =IF(MONTH(C14)<>$A$2,"",IF(AND(SUMIF($J$80:$J$173,C14,$R$80:$R$173)=0,C14<TODAY()),"무지출",SUMIF($J$80:$J$173,C14,$R$80:$R$173))) -> 무지출 | D15: =IF(MONTH(D14)<>$A$2,"",IF(AND(SUMIF($J$80:$J$173,D14,$R$80:$R$173)=0,D14<TODAY()),"무지출",SUMIF($J$80:$J$173,D14,$R$80:$R$173))) -> 무지출 | E15: =IF(MONTH(E14)<>$A$2,"",IF(AND(SUMIF($J$80:$J$173,E14,$R$80:$R$173)=0,E14<TODAY()),"무지출",SUMIF($J$80:$J$173,E14,$R$80:$R$173))) -> 무지출 | F15: =IF(MONTH(F14)<>$A$2,"",IF(AND(SUMIF($J$80:$J$173,F14,$R$80:$R$173)=0,F14<TODAY()),"무지출",SUMIF($J$80:$J$173,F14,$R$80:$R$173))) -> 무지출 | G15: =IF(MONTH(G14)<>$A$2,"",IF(AND(SUMIF($J$80:$J$173,G14,$R$80:$R$173)=0,G14<TODAY()),"무지출",SUMIF($J$80:$J$173,G14,$R$80:$R$173))) -> 무지출 | H15: =IF(MONTH(H14)<>$A$2,"",IF(AND(SUMIF($J$80:$J$173,H14,$R$80:$R$173)=0,H14<TODAY()),"무지출",SUMIF($J$80:$J$173,H14,$R$80:$R$173))) -> 무지출 | J15: =항목!P$3 -> 용돈 | K15: =SUMIF($L$58:$L$300,J15,$R$58:$R$300) -> 0 | L15: =VLOOKUP(J15,예산!$B$41:$N$53,8,FALSE) -> 0 | M15: =L15-K15 -> 0 | N15: =VLOOKUP(J15,'6월'!$J$10:$K$23,2,FALSE) -> 0 | O15: =K15-N15 -> 0
J16: =항목!O$3 -> 경조사회비 | K16: =SUMIF($L$58:$L$300,J16,$R$58:$R$300) -> 0 | L16: =VLOOKUP(J16,예산!$B$41:$N$53,8,FALSE) -> 0 | M16: =L16-K16 -> 0 | N16: =VLOOKUP(J16,'6월'!$J$10:$K$23,2,FALSE) -> 0 | O16: =K16-N16 -> 0
B17: =B11+14 -> 45851 | C17: =C11+14 -> 45852 | D17: =D11+14 -> 45853 | E17: =E11+14 -> 45854 | F17: =F11+14 -> 45855 | G17: =G11+14 -> 45856 | H17: =H11+14 -> 45857 | J17: =항목!G$3 -> 생활용품비 | K17: =SUMIF($L$58:$L$300,J17,$R$58:$R$300) -> 0 | L17: =VLOOKUP(J17,예산!$B$41:$N$53,8,FALSE) -> 0 | M17: =L17-K17 -> 0 | N17: =VLOOKUP(J17,'6월'!$J$10:$K$23,2,FALSE) -> 0 | O17: =K17-N17 -> 0
B18: =IF(MONTH(B17)<>$A$2,"",IF(AND(SUMIF($J$80:$J$173,B17,$R$80:$R$173)=0,B17<TODAY()),"무지출",SUMIF($J$80:$J$173,B17,$R$80:$R$173))) -> 무지출 | C18: =IF(MONTH(C17)<>$A$2,"",IF(AND(SUMIF($J$80:$J$173,C17,$R$80:$R$173)=0,C17<TODAY()),"무지출",SUMIF($J$80:$J$173,C17,$R$80:$R$173))) -> 무지출 | D18: =IF(MONTH(D17)<>$A$2,"",IF(AND(SUMIF($J$80:$J$173,D17,$R$80:$R$173)=0,D17<TODAY()),"무지출",SUMIF($J$80:$J$173,D17,$R$80:$R$173))) -> 무지출 | E18: =IF(MONTH(E17)<>$A$2,"",IF(AND(SUMIF($J$80:$J$173,E17,$R$80:$R$173)=0,E17<TODAY()),"무지출",SUMIF($J$80:$J$173,E17,$R$80:$R$173))) -> 무지출 | F18: =IF(MONTH(F17)<>$A$2,"",IF(AND(SUMIF($J$80:$J$173,F17,$R$80:$R$173)=0,F17<TODAY()),"무지출",SUMIF($J$80:$J$173,F17,$R$80:$R$173))) -> 무지출 | G18: =IF(MONTH(G17)<>$A$2,"",IF(AND(SUMIF($J$80:$J$173,G17,$R$80:$R$173)=0,G17<TODAY()),"무지출",SUMIF($J$80:$J$173,G17,$R$80:$R$173))) -> 무지출 | H18: =IF(MONTH(H17)<>$A$2,"",IF(AND(SUMIF($J$80:$J$173,H17,$R$80:$R$173)=0,H17<TODAY()),"무지출",SUMIF($J$80:$J$173,H17,$R$80:$R$173))) -> 무지출 | J18: =항목!L$3 -> 의료비 | K18: =SUMIF($L$58:$L$300,J18,$R$58:$R$300) -> 0 | L18: =VLOOKUP(J18,예산!$B$41:$N$53,8,FALSE) -> 0 | M18: =L18-K18 -> 0 | N18: =VLOOKUP(J18,'6월'!$J$10:$K$23,2,FALSE) -> 0 | O18: =K18-N18 -> 0
J19: =항목!E$3 -> 식비 | K19: =SUMIF($L$58:$L$300,J19,$R$58:$R$300) -> 0 | L19: =VLOOKUP(J19,예산!$B$41:$N$53,8,FALSE) -> 0 | M19: =L19-K19 -> 0 | N19: =VLOOKUP(J19,'6월'!$J$10:$K$23,2,FALSE) -> 0 | O19: =K19-N19 -> 0
B20: =B11+21 -> 45858 | C20: =C11+21 -> 45859 | D20: =D11+21 -> 45860 | E20: =E11+21 -> 45861 | F20: =F11+21 -> 45862 | G20: =G11+21 -> 45863 | H20: =H11+21 -> 45864 | J20: =항목!I$3 -> 의류미용비 | K20: =SUMIF($L$58:$L$300,J20,$R$58:$R$300) -> 0 | L20: =VLOOKUP(J20,예산!$B$41:$N$53,8,FALSE) -> 0 | M20: =L20-K20 -> 0 | N20: =VLOOKUP(J20,'6월'!$J$10:$K$23,2,FALSE) -> 0 | O20: =K20-N20 -> 0
B21: =IF(MONTH(B20)<>$A$2,"",IF(AND(SUMIF($J$80:$J$173,B20,$R$80:$R$173)=0,B20<TODAY()),"무지출",SUMIF($J$80:$J$173,B20,$R$80:$R$173))) -> 무지출 | C21: =IF(MONTH(C20)<>$A$2,"",IF(AND(SUMIF($J$80:$J$173,C20,$R$80:$R$173)=0,C20<TODAY()),"무지출",SUMIF($J$80:$J$173,C20,$R$80:$R$173))) -> 무지출 | D21: =IF(MONTH(D20)<>$A$2,"",IF(AND(SUMIF($J$80:$J$173,D20,$R$80:$R$173)=0,D20<TODAY()),"무지출",SUMIF($J$80:$J$173,D20,$R$80:$R$173))) -> 무지출 | E21: =IF(MONTH(E20)<>$A$2,"",IF(AND(SUMIF($J$80:$J$173,E20,$R$80:$R$173)=0,E20<TODAY()),"무지출",SUMIF($J$80:$J$173,E20,$R$80:$R$173))) -> 무지출 | F21: =IF(MONTH(F20)<>$A$2,"",IF(AND(SUMIF($J$80:$J$173,F20,$R$80:$R$173)=0,F20<TODAY()),"무지출",SUMIF($J$80:$J$173,F20,$R$80:$R$173))) -> 무지출 | G21: =IF(MONTH(G20)<>$A$2,"",IF(AND(SUMIF($J$80:$J$173,G20,$R$80:$R$173)=0,G20<TODAY()),"무지출",SUMIF($J$80:$J$173,G20,$R$80:$R$173))) -> 무지출 | H21: =IF(MONTH(H20)<>$A$2,"",IF(AND(SUMIF($J$80:$J$173,H20,$R$80:$R$173)=0,H20<TODAY()),"무지출",SUMIF($J$80:$J$173,H20,$R$80:$R$173))) -> 무지출 | J21: =항목!F$3 -> 주거비 | K21: =SUMIF($L$58:$L$300,J21,$R$58:$R$300) -> 0 | L21: =VLOOKUP(J21,예산!$B$41:$N$53,8,FALSE) -> 0 | M21: =L21-K21 -> 0 | N21: =VLOOKUP(J21,'6월'!$J$10:$K$23,2,FALSE) -> 0 | O21: =K21-N21 -> 0
J22: =항목!H$3 -> 반려동물비 | K22: =SUMIF($L$58:$L$300,J22,$R$58:$R$300) -> 0 | L22: =VLOOKUP(J22,예산!$B$41:$N$53,8,FALSE) -> 0 | M22: =L22-K22 -> 0 | N22: =VLOOKUP(J22,'6월'!$J$10:$K$23,2,FALSE) -> 0 | O22: =K22-N22 -> 0
B23: =B11+28 -> 45865 | C23: =C11+28 -> 45866 | D23: =D11+28 -> 45867 | E23: =E11+28 -> 45868 | F23: =F11+28 -> 45869 | G23: =G11+28 -> 45870 | H23: =H11+28 -> 45871 | J23: =항목!K$3 -> 문화생활비 | K23: =SUMIF($L$58:$L$300,J23,$R$58:$R$300) -> 0 | L23: =VLOOKUP(J23,예산!$B$41:$N$53,8,FALSE) -> 0 | M23: =L23-K23 -> 0 | N23: =VLOOKUP(J23,'6월'!$J$10:$K$23,2,FALSE) -> 0 | O23: =K23-N23 -> 0
B24: =IF(MONTH(B23)<>$A$2,"",IF(AND(SUMIF($J$80:$J$173,B23,$R$80:$R$173)=0,B23<TODAY()),"무지출",SUMIF($J$80:$J$173,B23,$R$80:$R$173))) -> 무지출 | C24: =IF(MONTH(C23)<>$A$2,"",IF(AND(SUMIF($J$80:$J$173,C23,$R$80:$R$173)=0,C23<TODAY()),"무지출",SUMIF($J$80:$J$173,C23,$R$80:$R$173))) -> 무지출 | D24: =IF(MONTH(D23)<>$A$2,"",IF(AND(SUMIF($J$80:$J$173,D23,$R$80:$R$173)=0,D23<TODAY()),"무지출",SUMIF($J$80:$J$173,D23,$R$80:$R$173))) -> 무지출 | E24: =IF(MONTH(E23)<>$A$2,"",IF(AND(SUMIF($J$80:$J$173,E23,$R$80:$R$173)=0,E23<TODAY()),"무지출",SUMIF($J$80:$J$173,E23,$R$80:$R$173))) -> 무지출 | F24: =IF(MONTH(F23)<>$A$2,"",IF(AND(SUMIF($J$80:$J$173,F23,$R$80:$R$173)=0,F23<TODAY()),"무지출",SUMIF($J$80:$J$173,F23,$R$80:$R$173))) -> 무지출 | G24: =IF(MONTH(G23)<>$A$2,"",IF(AND(SUMIF($J$80:$J$173,G23,$R$80:$R$173)=0,G23<TODAY()),"무지출",SUMIF($J$80:$J$173,G23,$R$80:$R$173))) | H24: =IF(MONTH(H23)<>$A$2,"",IF(AND(SUMIF($J$80:$J$173,H23,$R$80:$R$173)=0,H23<TODAY()),"무지출",SUMIF($J$80:$J$173,H23,$R$80:$R$173)))
J25: MEMO
B26: =B11+35 -> 45872 | C26: =C11+35 -> 45873 | D26: =D11+35 -> 45874 | E26: =E11+35 -> 45875 | F26: =F11+35 -> 45876 | G26: =G11+35 -> 45877 | H26: =H11+35 -> 45878
B27: =IF(MONTH(B26)<>$A$2,"",IF(AND(SUMIF($J$80:$J$173,B26,$R$80:$R$173)=0,B26<TODAY()),"무지출",SUMIF($J$80:$J$173,B26,$R$80:$R$173))) | C27: =IF(MONTH(C26)<>$A$2,"",IF(AND(SUMIF($J$80:$J$173,C26,$R$80:$R$173)=0,C26<TODAY()),"무지출",SUMIF($J$80:$J$173,C26,$R$80:$R$173))) | D27: =IF(MONTH(D26)<>$A$2,"",IF(AND(SUMIF($J$80:$J$173,D26,$R$80:$R$173)=0,D26<TODAY()),"무지출",SUMIF($J$80:$J$173,D26,$R$80:$R$173))) | E27: =IF(MONTH(E26)<>$A$2,"",IF(AND(SUMIF($J$80:$J$173,E26,$R$80:$R$173)=0,E26<TODAY()),"무지출",SUMIF($J$80:$J$173,E26,$R$80:$R$173))) | F27: =IF(MONTH(F26)<>$A$2,"",IF(AND(SUMIF($J$80:$J$173,F26,$R$80:$R$173)=0,F26<TODAY()),"무지출",SUMIF($J$80:$J$173,F26,$R$80:$R$173))) | G27: =IF(MONTH(G26)<>$A$2,"",IF(AND(SUMIF($J$80:$J$173,G26,$R$80:$R$173)=0,G26<TODAY()),"무지출",SUMIF($J$80:$J$173,G26,$R$80:$R$173))) | H27: =IF(MONTH(H26)<>$A$2,"",IF(AND(SUMIF($J$80:$J$173,H26,$R$80:$R$173)=0,H26<TODAY()),"무지출",SUMIF($J$80:$J$173,H26,$R$80:$R$173)))
B30: 수입 | J30: 지출
B32: ='1월'!B32 -> 고정수입 | C32: =SUM($H$34:$H$53) -> 0 | J32: ='1월'!J32 -> 저축성지출 | K32: =SUM($R$34:$R$53) -> 0
B33: 날짜 | C33: 대분류 | D33: 소분류 | E33: 내용 | H33: 금액 | J33: 날짜 | K33: 구분 | L33: 대분류 | M33: 소분류 | N33: 지출 내용 | P33: 결제금액 | Q33: 할인 | R33: 실지출 | S33: 비고
R34: =IF(P34="","",P34-Q34)
R35: =IF(P35="","",P35-Q35)
R36: =IF(P36="","",P36-Q36)
R37: =IF(P37="","",P37-Q37)
R38: =IF(P38="","",P38-Q38)
R39: =IF(P39="","",P39-Q39)
R40: =IF(P40="","",P40-Q40)
R41: =IF(P41="","",P41-Q41)
R42: =IF(P42="","",P42-Q42)
R43: =IF(P43="","",P43-Q43)
R44: =IF(P44="","",P44-Q44)
R45: =IF(P45="","",P45-Q45)
... R53: =IF(P53="","",P53-Q53)
K55: 총 예산 | L55: =예산!I40 -> 0
B56: ='1월'!B56 -> 부가수입 | C56: =SUM($H$58:$H$145) -> 0 | J56: ='1월'!J56 -> 고정지출 | K56: 실지출 계 | L56: =SUM($R$58:$R$300) -> 0
B57: 날짜 | C57: 대분류 | D57: 소분류 | E57: 내용 | H57: 금액 | J57: 날짜 | K57: 구분 | L57: 대분류 | M57: 소분류 | N57: 지출 내용 | P57: 결제금액 | Q57: 할인 | R57: 실지출 | S57: 예산 잔액 | T57: 비고
R58: =IF(P58="","",P58-Q58) | S58: =IF(R58="","",L55-R58)
R59: =IF(P59="","",P59-Q59) | S59: =IF(R59="","",S58-R59)
R60: =IF(P60="","",P60-Q60) | S60: =IF(R60="","",S59-R60)
R61: =IF(P61="","",P61-Q61) | S61: =IF(R61="","",S60-R61)
R62: =IF(P62="","",P62-Q62) | S62: =IF(R62="","",S61-R62)
R63: =IF(P63="","",P63-Q63) | S63: =IF(R63="","",S62-R63)
R64: =IF(P64="","",P64-Q64) | S64: =IF(R64="","",S63-R64)
R65: =IF(P65="","",P65-Q65) | S65: =IF(R65="","",S64-R65)
R66: =IF(P66="","",P66-Q66) | S66: =IF(R66="","",S65-R66)
R67: =IF(P67="","",P67-Q67) | S67: =IF(R67="","",S66-R67)
R68: =IF(P68="","",P68-Q68) | S68: =IF(R68="","",S67-R68)
R69: =IF(P69="","",P69-Q69) | S69: =IF(R69="","",S68-R69)
R70: =IF(P70="","",P70-Q70) | S70: =IF(R70="","",S69-R70)
... R77: =IF(P77="","",P77-Q77) | S77: =IF(R77="","",S76-R77)
J79: ='1월'!J79 -> 변동지출 | R79: 변동지출 예산 | S79: =L55-SUM(P58:P77) -> 0
J80: 날짜 | K80: 구분 | L80: 대분류 | M80: 소분류 | N80: 지출 내용 | P80: 결제금액 | Q80: 할인 | R80: 실지출 | S80: 예산 잔액 | T80: 비고
R81: =IF(P81="","",P81-Q81) | S81: =IF(R81="","",S79-R81)
R82: =IF(P82="","",P82-Q82) | S82: =IF(R82="","",S81-R82)
R83: =IF(P83="","",P83-Q83) | S83: =IF(R83="","",S82-R83)
R84: =IF(P84="","",P84-Q84) | S84: =IF(R84="","",S83-R84)
R85: =IF(P85="","",P85-Q85) | S85: =IF(R85="","",S84-R85)
R86: =IF(P86="","",P86-Q86) | S86: =IF(R86="","",S85-R86)
R87: =IF(P87="","",P87-Q87) | S87: =IF(R87="","",S86-R87)
R88: =IF(P88="","",P88-Q88) | S88: =IF(R88="","",S87-R88)
R89: =IF(P89="","",P89-Q89) | S89: =IF(R89="","",S88-R89)
R90: =IF(P90="","",P90-Q90) | S90: =IF(R90="","",S89-R90)
R91: =IF(P91="","",P91-Q91) | S91: =IF(R91="","",S90-R91)
R92: =IF(P92="","",P92-Q92) | S92: =IF(R92="","",S91-R92)
R93: =IF(P93="","",P93-Q93) | S93: =IF(R93="","",S92-R93)
... R145: =IF(P145="","",P145-Q145) | S145: =IF(R145="","",S144-R145)

Sheet 8월
A1: =메인!$R$3 -> 2025 | B1: ◀ 08월 ▶
A2: =메인!$L$11 -> 8
B5: 총 수입 | C5: =SUM($C$32+$C$56) -> 0 | J5: ='1월'!J5 -> 이번달 목표 | P5: 필수지출
B6: 총 지출 | C6: =SUM($K$32+$L$56) -> 0
B7: 차액 | C7: =$C$5-$C$6 -> 0
G8: 무지출 성공 | H8: =COUNTIF(B10:H28,"무지출") -> 31
B9: 변동지출 달력 | J9: 소비성 지출 분석
B10: 일 | C10: 월 | D10: 화 | E10: 수 | F10: 목 | G10: 금 | H10: 토 | J10: 항목 | K10: 지출계 | L10: 예산 | M10: 예산대비 | N10: 전월지출 | O10: 전월대비
B11: =DATE($A$1,$A$2,1)-WEEKDAY(DATE($A$1,$A$2,1))+1 -> 45865 | C11: =B11+1 -> 45866 | D11: =C11+1 -> 45867 | E11: =D11+1 -> 45868 | F11: =E11+1 -> 45869 | G11: =F11+1 -> 45870 | H11: =G11+1 -> 45871 | J11: =항목!N$3 -> 통신비 | K11: =SUMIF($L$58:$L$300,J11,$R$58:$R$300) -> 0 | L11: =VLOOKUP(J11,예산!$B$41:$N$53,9,FALSE) -> 0 | M11: =L11-K11 -> 0 | N11: =VLOOKUP(J11,'7월'!$J$10:$K$23,2,FALSE) -> 0 | O11: =K11-N11 -> 0
B12: =IF(MONTH(B11)<>$A$2,"",IF(AND(SUMIF($J$81:$J$175,B11,$R$81:$R$175)=0,B11<TODAY()),"무지출",SUMIF($J$81:$J$175,B11,$R$81:$R$175))) | C12: =IF(MONTH(C11)<>$A$2,"",IF(AND(SUMIF($J$81:$J$175,C11,$R$81:$R$175)=0,C11<TODAY()),"무지출",SUMIF($J$81:$J$175,C11,$R$81:$R$175))) | D12: =IF(MONTH(D11)<>$A$2,"",IF(AND(SUMIF($J$81:$J$175,D11,$R$81:$R$175)=0,D11<TODAY()),"무지출",SUMIF($J$81:$J$175,D11,$R$81:$R$175))) | E12: =IF(MONTH(E11)<>$A$2,"",IF(AND(SUMIF($J$81:$J$175,E11,$R$81:$R$175)=0,E11<TODAY()),"무지출",SUMIF($J$81:$J$175,E11,$R$81:$R$175))) | F12: =IF(MONTH(F11)<>$A$2,"",IF(AND(SUMIF($J$81:$J$175,F11,$R$81:$R$175)=0,F11<TODAY()),"무지출",SUMIF($J$81:$J$175,F11,$R$81:$R$175))) | G12: =IF(MONTH(G11)<>$A$2,"",IF(AND(SUMIF($J$81:$J$175,G11,$R$81:$R$175)=0,G11<TODAY()),"무지출",SUMIF($J$81:$J$175,G11,$R$81:$R$175))) -> 무지출 | H12: =IF(MONTH(H11)<>$A$2,"",IF(AND(SUMIF($J$81:$J$175,H11,$R$81:$R$175)=0,H11<TODAY()),"무지출",SUMIF($J$81:$J$175,H11,$R$81:$R$175))) -> 무지출 | J12: =항목!J$3 -> 교육비 | K12: =SUMIF($L$58:$L$300,J12,$R$58:$R$300) -> 0 | L12: =VLOOKUP(J12,예산!$B$41:$N$53,9,FALSE) -> 0 | M12: =L12-K12 -> 0 | N12: =VLOOKUP(J12,'7월'!$J$10:$K$23,2,FALSE) -> 0 | O12: =K12-N12 -> 0
J13: =항목!P$3 -> 용돈 | K13: =SUMIF($L$58:$L$300,J13,$R$58:$R$300) -> 0 | L13: =VLOOKUP(J13,예산!$B$41:$N$53,9,FALSE) -> 0 | M13: =L13-K13 -> 0 | N13: =VLOOKUP(J13,'7월'!$J$10:$K$23,2,FALSE) -> 0 | O13: =K13-N13 -> 0
B14: =B11+7 -> 45872 | C14: =C11+7 -> 45873 | D14: =D11+7 -> 45874 | E14: =E11+7 -> 45875 | F14: =F11+7 -> 45876 | G14: =G11+7 -> 45877 | H14: =H11+7 -> 45878 | J14: =항목!Q$3 -> 추가항목 | K14: =SUMIF($L$58:$L$300,J14,$R$58:$R$300) -> 0 | L14: =VLOOKUP(J14,예산!$B$41:$N$53,9,FALSE) -> 0 | M14: =L14-K14 -> 0 | N14: =VLOOKUP(J14,'7월'!$J$10:$K$23,2,FALSE) -> 0 | O14: =K14-N14 -> 0
B15: =IF(MONTH(B14)<>$A$2,"",IF(AND(SUMIF($J$81:$J$186,B14,$R$81:$R$186)=0,B14<TODAY()),"무지출",SUMIF($J$81:$J$186,B14,$R$81:$R$186))) -> 무지출 | C15: =IF(MONTH(C14)<>$A$2,"",IF(AND(SUMIF($J$81:$J$186,C14,$R$81:$R$186)=0,C14<TODAY()),"무지출",SUMIF($J$81:$J$186,C14,$R$81:$R$186))) -> 무지출 | D15: =IF(MONTH(D14)<>$A$2,"",IF(AND(SUMIF($J$81:$J$186,D14,$R$81:$R$186)=0,D14<TODAY()),"무지출",SUMIF($J$81:$J$186,D14,$R$81:$R$186))) -> 무지출 | E15: =IF(MONTH(E14)<>$A$2,"",IF(AND(SUMIF($J$81:$J$186,E14,$R$81:$R$186)=0,E14<TODAY()),"무지출",SUMIF($J$81:$J$186,E14,$R$81:$R$186))) -> 무지출 | F15: =IF(MONTH(F14)<>$A$2,"",IF(AND(SUMIF($J$81:$J$186,F14,$R$81:$R$186)=0,F14<TODAY()),"무지출",SUMIF($J$81:$J$186,F14,$R$81:$R$186))) -> 무지출 | G15: =IF(MONTH(G14)<>$A$2,"",IF(AND(SUMIF($J$81:$J$186,G14,$R$81:$R$186)=0,G14<TODAY()),"무지출",SUMIF($J$81:$J$186,G14,$R$81:$R$186))) -> 무지출 | H15: =IF(MONTH(H14)<>$A$2,"",IF(AND(SUMIF($J$81:$J$186,H14,$R$81:$R$186)=0,H14<TODAY()),"무지출",SUMIF($J$81:$J$186,H14,$R$81:$R$186))) -> 무지출 | J15: =항목!O$3 -> 경조사회비 | K15: =SUMIF($L$58:$L$300,J15,$R$58:$R$300) -> 0 | L15: =VLOOKUP(J15,예산!$B$41:$N$53,9,FALSE) -> 0 | M15: =L15-K15 -> 0 | N15: =VLOOKUP(J15,'7월'!$J$10:$K$23,2,FALSE) -> 0 | O15: =K15-N15 -> 0
J16: =항목!M$3 -> 유류교통비 | K16: =SUMIF($L$58:$L$300,J16,$R$58:$R$300) -> 0 | L16: =VLOOKUP(J16,예산!$B$41:$N$53,9,FALSE) -> 0 | M16: =L16-K16 -> 0 | N16: =VLOOKUP(J16,'7월'!$J$10:$K$23,2,FALSE) -> 0 | O16: =K16-N16 -> 0
B17: =B11+14 -> 45879 | C17: =C11+14 -> 45880 | D17: =D11+14 -> 45881 | E17: =E11+14 -> 45882 | F17: =F11+14 -> 45883 | G17: =G11+14 -> 45884 | H17: =H11+14 -> 45885 | J17: =항목!G$3 -> 생활용품비 | K17: =SUMIF($L$58:$L$300,J17,$R$58:$R$300) -> 0 | L17: =VLOOKUP(J17,예산!$B$41:$N$53,9,FALSE) -> 0 | M17: =L17-K17 -> 0 | N17: =VLOOKUP(J17,'7월'!$J$10:$K$23,2,FALSE) -> 0 | O17: =K17-N17 -> 0
B18: =IF(MONTH(B17)<>$A$2,"",IF(AND(SUMIF($J$81:$J$186,B17,$R$81:$R$186)=0,B17<TODAY()),"무지출",SUMIF($J$81:$J$186,B17,$R$81:$R$186))) -> 무지출 | C18: =IF(MONTH(C17)<>$A$2,"",IF(AND(SUMIF($J$81:$J$186,C17,$R$81:$R$186)=0,C17<TODAY()),"무지출",SUMIF($J$81:$J$186,C17,$R$81:$R$186))) -> 무지출 | D18: =IF(MONTH(D17)<>$A$2,"",IF(AND(SUMIF($J$81:$J$186,D17,$R$81:$R$186)=0,D17<TODAY()),"무지출",SUMIF($J$81:$J$186,D17,$R$81:$R$186))) -> 무지출 | E18: =IF(MONTH(E17)<>$A$2,"",IF(AND(SUMIF($J$81:$J$186,E17,$R$81:$R$186)=0,E17<TODAY()),"무지출",SUMIF($J$81:$J$186,E17,$R$81:$R$186))) -> 무지출 | F18: =IF(MONTH(F17)<>$A$2,"",IF(AND(SUMIF($J$81:$J$186,F17,$R$81:$R$186)=0,F17<TODAY()),"무지출",SUMIF($J$81:$J$186,F17,$R$81:$R$186))) -> 무지출 | G18: =IF(MONTH(G17)<>$A$2,"",IF(AND(SUMIF($J$81:$J$186,G17,$R$81:$R$186)=0,G17<TODAY()),"무지출",SUMIF($J$81:$J$186,G17,$R$81:$R$186))) -> 무지출 | H18: =IF(MONTH(H17)<>$A$2,"",IF(AND(SUMIF($J$81:$J$186,H17,$R$81:$R$186)=0,H17<TODAY()),"무지출",SUMIF($J$81:$J$186,H17,$R$81:$R$186))) -> 무지출 | J18: =항목!E$3 -> 식비 | K18: =SUMIF($L$58:$L$300,J18,$R$58:$R$300) -> 0 | L18: =VLOOKUP(J18,예산!$B$41:$N$53,9,FALSE) -> 0 | M18: =L18-K18 -> 0 | N18: =VLOOKUP(J18,'7월'!$J$10:$K$23,2,FALSE) -> 0 | O18: =K18-N18 -> 0
J19: =항목!L$3 -> 의료비 | K19: =SUMIF($L$58:$L$300,J19,$R$58:$R$300) -> 0 | L19: =VLOOKUP(J19,예산!$B$41:$N$53,9,FALSE) -> 0 | M19: =L19-K19 -> 0 | N19: =VLOOKUP(J19,'7월'!$J$10:$K$23,2,FALSE) -> 0 | O19: =K19-N19 -> 0
B20: =B11+21 -> 45886 | C20: =C11+21 -> 45887 | D20: =D11+21 -> 45888 | E20: =E11+21 -> 45889 | F20: =F11+21 -> 45890 | G20: =G11+21 -> 45891 | H20: =H11+21 -> 45892 | J20: =항목!I$3 -> 의류미용비 | K20: =SUMIF($L$58:$L$300,J20,$R$58:$R$300) -> 0 | L20: =VLOOKUP(J20,예산!$B$41:$N$53,9,FALSE) -> 0 | M20: =L20-K20 -> 0 | N20: =VLOOKUP(J20,'7월'!$J$10:$K$23,2,FALSE) -> 0 | O20: =K20-N20 -> 0
B21: =IF(MONTH(B20)<>$A$2,"",IF(AND(SUMIF($J$81:$J$186,B20,$R$81:$R$186)=0,B20<TODAY()),"무지출",SUMIF($J$81:$J$186,B20,$R$81:$R$186))) -> 무지출 | C21: =IF(MONTH(C20)<>$A$2,"",IF(AND(SUMIF($J$81:$J$186,C20,$R$81:$R$186)=0,C20<TODAY()),"무지출",SUMIF($J$81:$J$186,C20,$R$81:$R$186))) -> 무지출 | D21: =IF(MONTH(D20)<>$A$2,"",IF(AND(SUMIF($J$81:$J$186,D20,$R$81:$R$186)=0,D20<TODAY()),"무지출",SUMIF($J$81:$J$186,D20,$R$81:$R$186))) -> 무지출 | E21: =IF(MONTH(E20)<>$A$2,"",IF(AND(SUMIF($J$81:$J$186,E20,$R$81:$R$186)=0,E20<TODAY()),"무지출",SUMIF($J$81:$J$186,E20,$R$81:$R$186))) -> 무지출 | F21: =IF(MONTH(F20)<>$A$2,"",IF(AND(SUMIF($J$81:$J$186,F20,$R$81:$R$186)=0,F20<TODAY()),"무지출",SUMIF($J$81:$J$186,F20,$R$81:$R$186))) -> 무지출 | G21: =IF(MONTH(G20)<>$A$2,"",IF(AND(SUMIF($J$81:$J$186,G20,$R$81:$R$186)=0,G20<TODAY()),"무지출",SUMIF($J$81:$J$186,G20,$R$81:$R$186))) -> 무지출 | H21: =IF(MONTH(H20)<>$A$2,"",IF(AND(SUMIF($J$81:$J$186,H20,$R$81:$R$186)=0,H20<TODAY()),"무지출",SUMIF($J$81:$J$186,H20,$R$81:$R$186))) -> 무지출 | J21: =항목!F$3 -> 주거비 | K21: =SUMIF($L$58:$L$300,J21,$R$58:$R$300) -> 0 | L21: =VLOOKUP(J21,예산!$B$41:$N$53,9,FALSE) -> 0 | M21: =L21-K21 -> 0 | N21: =VLOOKUP(J21,'7월'!$J$10:$K$23,2,FALSE) -> 0 | O21: =K21-N21 -> 0
J22: =항목!H$3 -> 반려동물비 | K22: =SUMIF($L$58:$L$300,J22,$R$58:$R$300) -> 0 | L22: =VLOOKUP(J22,예산!$B$41:$N$53,9,FALSE) -> 0 | M22: =L22-K22 -> 0 | N22: =VLOOKUP(J22,'7월'!$J$10:$K$23,2,FALSE) -> 0 | O22: =K22-N22 -> 0
B23: =B11+28 -> 45893 | C23: =C11+28 -> 45894 | D23: =D11+28 -> 45895 | E23: =E11+28 -> 45896 | F23: =F11+28 -> 45897 | G23: =G11+28 -> 45898 | H23: =H11+28 -> 45899 | J23: =항목!K$3 -> 문화생활비 | K23: =SUMIF($L$58:$L$300,J23,$R$58:$R$300) -> 0 | L23: =VLOOKUP(J23,예산!$B$41:$N$53,9,FALSE) -> 0 | M23: =L23-K23 -> 0 | N23: =VLOOKUP(J23,'7월'!$J$10:$K$23,2,FALSE) -> 0 | O23: =K23-N23 -> 0
B24: =IF(MONTH(B23)<>$A$2,"",IF(AND(SUMIF($J$81:$J$186,B23,$R$81:$R$186)=0,B23<TODAY()),"무지출",SUMIF($J$81:$J$186,B23,$R$81:$R$186))) -> 무지출 | C24: =IF(MONTH(C23)<>$A$2,"",IF(AND(SUMIF($J$81:$J$186,C23,$R$81:$R$186)=0,C23<TODAY()),"무지출",SUMIF($J$81:$J$186,C23,$R$81:$R$186))) -> 무지출 | D24: =IF(MONTH(D23)<>$A$2,"",IF(AND(SUMIF($J$81:$J$186,D23,$R$81:$R$186)=0,D23<TODAY()),"무지출",SUMIF($J$81:$J$186,D23,$R$81:$R$186))) -> 무지출 | E24: =IF(MONTH(E23)<>$A$2,"",IF(AND(SUMIF($J$81:$J$186,E23,$R$81:$R$186)=0,E23<TODAY()),"무지출",SUMIF($J$81:$J$186,E23,$R$81:$R$186))) -> 무지출 | F24: =IF(MONTH(F23)<>$A$2,"",IF(AND(SUMIF($J$81:$J$186,F23,$R$81:$R$186)=0,F23<TODAY()),"무지출",SUMIF($J$81:$J$186,F23,$R$81:$R$186))) -> 무지출 | G24: =IF(MONTH(G23)<>$A$2,"",IF(AND(SUMIF($J$81:$J$186,G23,$R$81:$R$186)=0,G23<TODAY()),"무지출",SUMIF($J$81:$J$186,G23,$R$81:$R$186))) -> 무지출 | H24: =IF(MONTH(H23)<>$A$2,"",IF(AND(SUMIF($J$81:$J$186,H23,$R$81:$R$186)=0,H23<TODAY()),"무지출",SUMIF($J$81:$J$186,H23,$R$81:$R$186))) -> 무지출
J25: MEMO
B26: =B11+35 -> 45900 | C26: =C11+35 -> 45901 | D26: =D11+35 -> 45902 | E26: =E11+35 -> 45903 | F26: =F11+35 -> 45904 | G26: =G11+35 -> 45905 | H26: =H11+35 -> 45906
B27: =IF(MONTH(B26)<>$A$2,"",IF(AND(SUMIF($J$81:$J$186,B26,$R$81:$R$186)=0,B26<TODAY()),"무지출",SUMIF($J$81:$J$186,B26,$R$81:$R$186))) -> 무지출 | C27: =IF(MONTH(C26)<>$A$2,"",IF(AND(SUMIF($J$81:$J$186,C26,$R$81:$R$186)=0,C26<TODAY()),"무지출",SUMIF($J$81:$J$186,C26,$R$81:$R$186))) | D27: =IF(MONTH(D26)<>$A$2,"",IF(AND(SUMIF($J$81:$J$186,D26,$R$81:$R$186)=0,D26<TODAY()),"무지출",SUMIF($J$81:$J$186,D26,$R$81:$R$186))) | E27: =IF(MONTH(E26)<>$A$2,"",IF(AND(SUMIF($J$81:$J$186,E26,$R$81:$R$186)=0,E26<TODAY()),"무지출",SUMIF($J$81:$J$186,E26,$R$81:$R$186))) | F27: =IF(MONTH(F26)<>$A$2,"",IF(AND(SUMIF($J$81:$J$186,F26,$R$81:$R$186)=0,F26<TODAY()),"무지출",SUMIF($J$81:$J$186,F26,$R$81:$R$186))) | G27: =IF(MONTH(G26)<>$A$2,"",IF(AND(SUMIF($J$81:$J$186,G26,$R$81:$R$186)=0,G26<TODAY()),"무지출",SUMIF($J$81:$J$186,G26,$R$81:$R$186))) | H27: =IF(MONTH(H26)<>$A$2,"",IF(AND(SUMIF($J$81:$J$186,H26,$R$81:$R$186)=0,H26<TODAY()),"무지출",SUMIF($J$81:$J$186,H26,$R$81:$R$186)))
B30: 수입 | J30: 지출
B32: ='1월'!B32 -> 고정수입 | C32: =SUM($H$34:$H$53) -> 0 | J32: ='1월'!J32 -> 저축성지출 | K32: =SUM($R$34:$R$53) -> 0
B33: 날짜 | C33: 대분류 | D33: 소분류 | E33: 내용 | H33: 금액 | J33: 날짜 | K33: 구분 | L33: 대분류 | M33: 소분류 | N33: 지출 내용 | P33: 결제금액 | Q33: 할인 | R33: 실지출 | S33: 비고
R34: =IF(P34="","",P34-Q34)
R35: =IF(P35="","",P35-Q35)
R36: =IF(P36="","",P36-Q36)
R37: =IF(P37="","",P37-Q37)
R38: =IF(P38="","",P38-Q38)
R39: =IF(P39="","",P39-Q39)
R40: =IF(P40="","",P40-Q40)
R41: =IF(P41="","",P41-Q41)
R42: =IF(P42="","",P42-Q42)
R43: =IF(P43="","",P43-Q43)
R44: =IF(P44="","",P44-Q44)
R45: =IF(P45="","",P45-Q45)
... R53: =IF(P53="","",P53-Q53)
K55: 총 예산 | L55: =예산!J40 -> 0
B56: ='1월'!B56 -> 부가수입 | C56: =SUM($H$58:$H$145) -> 0 | J56: ='1월'!J56 -> 고정지출 | K56: 실지출 계 | L56: =SUM($R$58:$R$300) -> 0
B57: 날짜 | C57: 대분류 | D57: 소분류 | E57: 내용 | H57: 금액 | J57: 날짜 | K57: 구분 | L57: 대분류 | M57: 소분류 | N57: 지출 내용 | P57: 결제금액 | Q57: 할인 | R57: 실지출 | S57: 예산 잔액 | T57: 비고
R58: =IF(P58="","",P58-Q58) | S58: =IF(R58="","",L55-R58)
R59: =IF(P59="","",P59-Q59) | S59: =IF(R59="","",S58-R59)
R60: =IF(P60="","",P60-Q60) | S60: =IF(R60="","",S59-R60)
R61: =IF(P61="","",P61-Q61) | S61: =IF(R61="","",S60-R61)
R62: =IF(P62="","",P62-Q62) | S62: =IF(R62="","",S61-R62)
R63: =IF(P63="","",P63-Q63) | S63: =IF(R63="","",S62-R63)
R64: =IF(P64="","",P64-Q64) | S64: =IF(R64="","",S63-R64)
R65: =IF(P65="","",P65-Q65) | S65: =IF(R65="","",S64-R65)
R66: =IF(P66="","",P66-Q66) | S66: =IF(R66="","",S65-R66)
R67: =IF(P67="","",P67-Q67) | S67: =IF(R67="","",S66-R67)
R68: =IF(P68="","",P68-Q68) | S68: =IF(R68="","",S67-R68)
R69: =IF(P69="","",P69-Q69) | S69: =IF(R69="","",S68-R69)
R70: =IF(P70="","",P70-Q70) | S70: =IF(R70="","",S69-R70)
... R77: =IF(P77="","",P77-Q77) | S77: =IF(R77="","",S76-R77)
J79: ='1월'!J79 -> 변동지출 | R79: 변동지출 예산 | S79: =L55-SUM(P58:P77) -> 0
J80: 날짜 | K80: 구분 | L80: 대분류 | M80: 소분류 | N80: 지출 내용 | P80: 결제금액 | Q80: 할인 | R80: 실지출 | S80: 예산 잔액 | T80: 비고
R81: =IF(P81="","",P81-Q81) | S81: =IF(R81="","",S79-R81)
R82: =IF(P82="","",P82-Q82) | S82: =IF(R82="","",S81-R82)
R83: =IF(P83="","",P83-Q83) | S83: =IF(R83="","",S82-R83)
R84: =IF(P84="","",P84-Q84) | S84: =IF(R84="","",S83-R84)
R85: =IF(P85="","",P85-Q85) | S85: =IF(R85="","",S84-R85)
R86: =IF(P86="","",P86-Q86) | S86: =IF(R86="","",S85-R86)
R87: =IF(P87="","",P87-Q87) | S87: =IF(R87="","",S86-R87)
R88: =IF(P88="","",P88-Q88) | S88: =IF(R88="","",S87-R88)
R89: =IF(P89="","",P89-Q89) | S89: =IF(R89="","",S88-R89)
R90: =IF(P90="","",P90-Q90) | S90: =IF(R90="","",S89-R90)
R91: =IF(P91="","",P91-Q91) | S91: =IF(R91="","",S90-R91)
R92: =IF(P92="","",P92-Q92) | S92: =IF(R92="","",S91-R92)
R93: =IF(P93="","",P93-Q93) | S93: =IF(R93="","",S92-R93)
... R145: =IF(P145="","",P145-Q145) | S145: =IF(R145="","",S144-R145)

Sheet 9월
A1: =메인!$R$3 -> 2025 | B1: ◀ 09월 ▶
A2: =메인!$M$11 -> 9
B5: 총 수입 | C5: =SUM($C$32+$C$56) -> 0 | J5: ='1월'!J5 -> 이번달 목표 | P5: 필수지출
B6: 총 지출 | C6: =SUM($K$32+$L$56) -> 0 | J6: -
B7: 차액 | C7: =$C$5-$C$6 -> 0 | J7: -
G8: 무지출 성공 | H8: =COUNTIF(B10:H28,"무지출") -> 30
B9: 변동지출 달력 | J9: 소비성 지출 분석
B10: 일 | C10: 월 | D10: 화 | E10: 수 | F10: 목 | G10: 금 | H10: 토 | J10: 항목 | K10: 지출계 | L10: 예산 | M10: 예산대비 | N10: 전월지출 | O10: 전월대비
B11: =DATE($A$1,$A$2,1)-WEEKDAY(DATE($A$1,$A$2,1))+1 -> 45900 | C11: =B11+1 -> 45901 | D11: =C11+1 -> 45902 | E11: =D11+1 -> 45903 | F11: =E11+1 -> 45904 | G11: =F11+1 -> 45905 | H11: =G11+1 -> 45906 | J11: =항목!N$3 -> 통신비 | K11: =SUMIF($L$58:$L$300,J11,$R$58:$R$300) -> 0 | L11: =VLOOKUP(J11,예산!$B$41:$N$53,10,FALSE) -> 0 | M11: =L11-K11 -> 0 | N11: =VLOOKUP(J11,'8월'!$J$10:$K$23,2,FALSE) -> 0 | O11: =K11-N11 -> 0
B12: =IF(MONTH(B11)<>$A$2,"",IF(AND(SUMIF($J$81:$J$197,B11,$R$81:$R$197)=0,B11<TODAY()),"무지출",SUMIF($J$81:$J$197,B11,$R$81:$R$197))) | C12: =IF(MONTH(C11)<>$A$2,"",IF(AND(SUMIF($J$81:$J$197,C11,$R$81:$R$197)=0,C11<TODAY()),"무지출",SUMIF($J$81:$J$197,C11,$R$81:$R$197))) -> 무지출 | D12: =IF(MONTH(D11)<>$A$2,"",IF(AND(SUMIF($J$81:$J$197,D11,$R$81:$R$197)=0,D11<TODAY()),"무지출",SUMIF($J$81:$J$197,D11,$R$81:$R$197))) -> 무지출 | E12: =IF(MONTH(E11)<>$A$2,"",IF(AND(SUMIF($J$81:$J$197,E11,$R$81:$R$197)=0,E11<TODAY()),"무지출",SUMIF($J$81:$J$197,E11,$R$81:$R$197))) -> 무지출 | F12: =IF(MONTH(F11)<>$A$2,"",IF(AND(SUMIF($J$81:$J$197,F11,$R$81:$R$197)=0,F11<TODAY()),"무지출",SUMIF($J$81:$J$197,F11,$R$81:$R$197))) -> 무지출 | G12: =IF(MONTH(G11)<>$A$2,"",IF(AND(SUMIF($J$81:$J$197,G11,$R$81:$R$197)=0,G11<TODAY()),"무지출",SUMIF($J$81:$J$197,G11,$R$81:$R$197))) -> 무지출 | H12: =IF(MONTH(H11)<>$A$2,"",IF(AND(SUMIF($J$81:$J$197,H11,$R$81:$R$197)=0,H11<TODAY()),"무지출",SUMIF($J$81:$J$197,H11,$R$81:$R$197))) -> 무지출 | J12: =항목!J$3 -> 교육비 | K12: =SUMIF($L$58:$L$300,J12,$R$58:$R$300) -> 0 | L12: =VLOOKUP(J12,예산!$B$41:$N$53,10,FALSE) -> 0 | M12: =L12-K12 -> 0 | N12: =VLOOKUP(J12,'8월'!$J$10:$K$23,2,FALSE) -> 0 | O12: =K12-N12 -> 0
J13: =항목!K$3 -> 문화생활비 | K13: =SUMIF($L$58:$L$300,J13,$R$58:$R$300) -> 0 | L13: =VLOOKUP(J13,예산!$B$41:$N$53,10,FALSE) -> 0 | M13: =L13-K13 -> 0 | N13: =VLOOKUP(J13,'8월'!$J$10:$K$23,2,FALSE) -> 0 | O13: =K13-N13 -> 0
B14: =B11+7 -> 45907 | C14: =C11+7 -> 45908 | D14: =D11+7 -> 45909 | E14: =E11+7 -> 45910 | F14: =F11+7 -> 45911 | G14: =G11+7 -> 45912 | H14: =H11+7 -> 45913 | J14: =항목!M$3 -> 유류교통비 | K14: =SUMIF($L$58:$L$300,J14,$R$58:$R$300) -> 0 | L14: =VLOOKUP(J14,예산!$B$41:$N$53,10,FALSE) -> 0 | M14: =L14-K14 -> 0 | N14: =VLOOKUP(J14,'8월'!$J$10:$K$23,2,FALSE) -> 0 | O14: =K14-N14 -> 0
B15: =IF(MONTH(B14)<>$A$2,"",IF(AND(SUMIF($J$81:$J$197,B14,$R$81:$R$197)=0,B14<TODAY()),"무지출",SUMIF($J$81:$J$197,B14,$R$81:$R$197))) -> 무지출 | C15: =IF(MONTH(C14)<>$A$2,"",IF(AND(SUMIF($J$81:$J$197,C14,$R$81:$R$197)=0,C14<TODAY()),"무지출",SUMIF($J$81:$J$197,C14,$R$81:$R$197))) -> 무지출 | D15: =IF(MONTH(D14)<>$A$2,"",IF(AND(SUMIF($J$81:$J$197,D14,$R$81:$R$197)=0,D14<TODAY()),"무지출",SUMIF($J$81:$J$197,D14,$R$81:$R$197))) -> 무지출 | E15: =IF(MONTH(E14)<>$A$2,"",IF(AND(SUMIF($J$81:$J$197,E14,$R$81:$R$197)=0,E14<TODAY()),"무지출",SUMIF($J$81:$J$197,E14,$R$81:$R$197))) -> 무지출 | F15: =IF(MONTH(F14)<>$A$2,"",IF(AND(SUMIF($J$81:$J$197,F14,$R$81:$R$197)=0,F14<TODAY()),"무지출",SUMIF($J$81:$J$197,F14,$R$81:$R$197))) -> 무지출 | G15: =IF(MONTH(G14)<>$A$2,"",IF(AND(SUMIF($J$81:$J$197,G14,$R$81:$R$197)=0,G14<TODAY()),"무지출",SUMIF($J$81:$J$197,G14,$R$81:$R$197))) -> 무지출 | H15: =IF(MONTH(H14)<>$A$2,"",IF(AND(SUMIF($J$81:$J$197,H14,$R$81:$R$197)=0,H14<TODAY()),"무지출",SUMIF($J$81:$J$197,H14,$R$81:$R$197))) -> 무지출 | J15: =항목!P$3 -> 용돈 | K15: =SUMIF($L$58:$L$300,J15,$R$58:$R$300) -> 0 | L15: =VLOOKUP(J15,예산!$B$41:$N$53,10,FALSE) -> 0 | M15: =L15-K15 -> 0 | N15: =VLOOKUP(J15,'8월'!$J$10:$K$23,2,FALSE) -> 0 | O15: =K15-N15 -> 0
J16: =항목!O$3 -> 경조사회비 | K16: =SUMIF($L$58:$L$300,J16,$R$58:$R$300) -> 0 | L16: =VLOOKUP(J16,예산!$B$41:$N$53,10,FALSE) -> 0 | M16: =L16-K16 -> 0 | N16: =VLOOKUP(J16,'8월'!$J$10:$K$23,2,FALSE) -> 0 | O16: =K16-N16 -> 0
B17: =B11+14 -> 45914 | C17: =C11+14 -> 45915 | D17: =D11+14 -> 45916 | E17: =E11+14 -> 45917 | F17: =F11+14 -> 45918 | G17: =G11+14 -> 45919 | H17: =H11+14 -> 45920 | J17: =항목!E$3 -> 식비 | K17: =SUMIF($L$58:$L$300,J17,$R$58:$R$300) -> 0 | L17: =VLOOKUP(J17,예산!$B$41:$N$53,10,FALSE) -> 0 | M17: =L17-K17 -> 0 | N17: =VLOOKUP(J17,'8월'!$J$10:$K$23,2,FALSE) -> 0 | O17: =K17-N17 -> 0
B18: =IF(MONTH(B17)<>$A$2,"",IF(AND(SUMIF($J$81:$J$197,B17,$R$81:$R$197)=0,B17<TODAY()),"무지출",SUMIF($J$81:$J$197,B17,$R$81:$R$197))) -> 무지출 | C18: =IF(MONTH(C17)<>$A$2,"",IF(AND(SUMIF($J$81:$J$197,C17,$R$81:$R$197)=0,C17<TODAY()),"무지출",SUMIF($J$81:$J$197,C17,$R$81:$R$197))) -> 무지출 | D18: =IF(MONTH(D17)<>$A$2,"",IF(AND(SUMIF($J$81:$J$197,D17,$R$81:$R$197)=0,D17<TODAY()),"무지출",SUMIF($J$81:$J$197,D17,$R$81:$R$197))) -> 무지출 | E18: =IF(MONTH(E17)<>$A$2,"",IF(AND(SUMIF($J$81:$J$197,E17,$R$81:$R$197)=0,E17<TODAY()),"무지출",SUMIF($J$81:$J$197,E17,$R$81:$R$197))) -> 무지출 | F18: =IF(MONTH(F17)<>$A$2,"",IF(AND(SUMIF($J$81:$J$197,F17,$R$81:$R$197)=0,F17<TODAY()),"무지출",SUMIF($J$81:$J$197,F17,$R$81:$R$197))) -> 무지출 | G18: =IF(MONTH(G17)<>$A$2,"",IF(AND(SUMIF($J$81:$J$197,G17,$R$81:$R$197)=0,G17<TODAY()),"무지출",SUMIF($J$81:$J$197,G17,$R$81:$R$197))) -> 무지출 | H18: =IF(MONTH(H17)<>$A$2,"",IF(AND(SUMIF($J$81:$J$197,H17,$R$81:$R$197)=0,H17<TODAY()),"무지출",SUMIF($J$81:$J$197,H17,$R$81:$R$197))) -> 무지출 | J18: =항목!Q$3 -> 추가항목 | K18: =SUMIF($L$58:$L$300,J18,$R$58:$R$300) -> 0 | L18: =VLOOKUP(J18,예산!$B$41:$N$53,10,FALSE) -> 0 | M18: =L18-K18 -> 0 | N18: =VLOOKUP(J18,'8월'!$J$10:$K$23,2,FALSE) -> 0 | O18: =K18-N18 -> 0
J19: =항목!G$3 -> 생활용품비 | K19: =SUMIF($L$58:$L$300,J19,$R$58:$R$300) -> 0 | L19: =VLOOKUP(J19,예산!$B$41:$N$53,10,FALSE) -> 0 | M19: =L19-K19 -> 0 | N19: =VLOOKUP(J19,'8월'!$J$10:$K$23,2,FALSE) -> 0 | O19: =K19-N19 -> 0
B20: =B11+21 -> 45921 | C20: =C11+21 -> 45922 | D20: =D11+21 -> 45923 | E20: =E11+21 -> 45924 | F20: =F11+21 -> 45925 | G20: =G11+21 -> 45926 | H20: =H11+21 -> 45927 | J20: =항목!L$3 -> 의료비 | K20: =SUMIF($L$58:$L$300,J20,$R$58:$R$300) -> 0 | L20: =VLOOKUP(J20,예산!$B$41:$N$53,10,FALSE) -> 0 | M20: =L20-K20 -> 0 | N20: =VLOOKUP(J20,'8월'!$J$10:$K$23,2,FALSE) -> 0 | O20: =K20-N20 -> 0
B21: =IF(MONTH(B20)<>$A$2,"",IF(AND(SUMIF($J$81:$J$197,B20,$R$81:$R$197)=0,B20<TODAY()),"무지출",SUMIF($J$81:$J$197,B20,$R$81:$R$197))) -> 무지출 | C21: =IF(MONTH(C20)<>$A$2,"",IF(AND(SUMIF($J$81:$J$197,C20,$R$81:$R$197)=0,C20<TODAY()),"무지출",SUMIF($J$81:$J$197,C20,$R$81:$R$197))) -> 무지출 | D21: =IF(MONTH(D20)<>$A$2,"",IF(AND(SUMIF($J$81:$J$197,D20,$R$81:$R$197)=0,D20<TODAY()),"무지출",SUMIF($J$81:$J$197,D20,$R$81:$R$197))) -> 무지출 | E21: =IF(MONTH(E20)<>$A$2,"",IF(AND(SUMIF($J$81:$J$197,E20,$R$81:$R$197)=0,E20<TODAY()),"무지출",SUMIF($J$81:$J$197,E20,$R$81:$R$197))) -> 무지출 | F21: =IF(MONTH(F20)<>$A$2,"",IF(AND(SUMIF($J$81:$J$197,F20,$R$81:$R$197)=0,F20<TODAY()),"무지출",SUMIF($J$81:$J$197,F20,$R$81:$R$197))) -> 무지출 | G21: =IF(MONTH(G20)<>$A$2,"",IF(AND(SUMIF($J$81:$J$197,G20,$R$81:$R$197)=0,G20<TODAY()),"무지출",SUMIF($J$81:$J$197,G20,$R$81:$R$197))) -> 무지출 | H21: =IF(MONTH(H20)<>$A$2,"",IF(AND(SUMIF($J$81:$J$197,H20,$R$81:$R$197)=0,H20<TODAY()),"무지출",SUMIF($J$81:$J$197,H20,$R$81:$R$197))) -> 무지출 | J21: =항목!I$3 -> 의류미용비 | K21: =SUMIF($L$58:$L$300,J21,$R$58:$R$300) -> 0 | L21: =VLOOKUP(J21,예산!$B$41:$N$53,10,FALSE) -> 0 | M21: =L21-K21 -> 0 | N21: =VLOOKUP(J21,'8월'!$J$10:$K$23,2,FALSE) -> 0 | O21: =K21-N21 -> 0
J22: =항목!F$3 -> 주거비 | K22: =SUMIF($L$58:$L$300,J22,$R$58:$R$300) -> 0 | L22: =VLOOKUP(J22,예산!$B$41:$N$53,10,FALSE) -> 0 | M22: =L22-K22 -> 0 | N22: =VLOOKUP(J22,'8월'!$J$10:$K$23,2,FALSE) -> 0 | O22: =K22-N22 -> 0
B23: =B11+28 -> 45928 | C23: =C11+28 -> 45929 | D23: =D11+28 -> 45930 | E23: =E11+28 -> 45931 | F23: =F11+28 -> 45932 | G23: =G11+28 -> 45933 | H23: =H11+28 -> 45934 | J23: =항목!H$3 -> 반려동물비 | K23: =SUMIF($L$58:$L$300,J23,$R$58:$R$300) -> 0 | L23: =VLOOKUP(J23,예산!$B$41:$N$53,10,FALSE) -> 0 | M23: =L23-K23 -> 0 | N23: =VLOOKUP(J23,'8월'!$J$10:$K$23,2,FALSE) -> 0 | O23: =K23-N23 -> 0
B24: =IF(MONTH(B23)<>$A$2,"",IF(AND(SUMIF($J$81:$J$197,B23,$R$81:$R$197)=0,B23<TODAY()),"무지출",SUMIF($J$81:$J$197,B23,$R$81:$R$197))) -> 무지출 | C24: =IF(MONTH(C23)<>$A$2,"",IF(AND(SUMIF($J$81:$J$197,C23,$R$81:$R$197)=0,C23<TODAY()),"무지출",SUMIF($J$81:$J$197,C23,$R$81:$R$197))) -> 무지출 | D24: =IF(MONTH(D23)<>$A$2,"",IF(AND(SUMIF($J$81:$J$197,D23,$R$81:$R$197)=0,D23<TODAY()),"무지출",SUMIF($J$81:$J$197,D23,$R$81:$R$197))) -> 무지출 | E24: =IF(MONTH(E23)<>$A$2,"",IF(AND(SUMIF($J$81:$J$197,E23,$R$81:$R$197)=0,E23<TODAY()),"무지출",SUMIF($J$81:$J$197,E23,$R$81:$R$197))) | F24: =IF(MONTH(F23)<>$A$2,"",IF(AND(SUMIF($J$81:$J$197,F23,$R$81:$R$197)=0,F23<TODAY()),"무지출",SUMIF($J$81:$J$197,F23,$R$81:$R$197))) | G24: =IF(MONTH(G23)<>$A$2,"",IF(AND(SUMIF($J$81:$J$197,G23,$R$81:$R$197)=0,G23<TODAY()),"무지출",SUMIF($J$81:$J$197,G23,$R$81:$R$197))) | H24: =IF(MONTH(H23)<>$A$2,"",IF(AND(SUMIF($J$81:$J$197,H23,$R$81:$R$197)=0,H23<TODAY()),"무지출",SUMIF($J$81:$J$197,H23,$R$81:$R$197)))
J25: MEMO
B26: =B11+35 -> 45935 | C26: =C11+35 -> 45936 | D26: =D11+35 -> 45937 | E26: =E11+35 -> 45938 | F26: =F11+35 -> 45939 | G26: =G11+35 -> 45940 | H26: =H11+35 -> 45941
B27: =IF(MONTH(B26)<>$A$2,"",IF(AND(SUMIF($J$81:$J$197,B26,$R$81:$R$197)=0,B26<TODAY()),"무지출",SUMIF($J$81:$J$197,B26,$R$81:$R$197))) | C27: =IF(MONTH(C26)<>$A$2,"",IF(AND(SUMIF($J$81:$J$197,C26,$R$81:$R$197)=0,C26<TODAY()),"무지출",SUMIF($J$81:$J$197,C26,$R$81:$R$197))) | D27: =IF(MONTH(D26)<>$A$2,"",IF(AND(SUMIF($J$81:$J$197,D26,$R$81:$R$197)=0,D26<TODAY()),"무지출",SUMIF($J$81:$J$197,D26,$R$81:$R$197))) | E27: =IF(MONTH(E26)<>$A$2,"",IF(AND(SUMIF($J$81:$J$197,E26,$R$81:$R$197)=0,E26<TODAY()),"무지출",SUMIF($J$81:$J$197,E26,$R$81:$R$197))) | F27: =IF(MONTH(F26)<>$A$2,"",IF(AND(SUMIF($J$81:$J$197,F26,$R$81:$R$197)=0,F26<TODAY()),"무지출",SUMIF($J$81:$J$197,F26,$R$81:$R$197))) | G27: =IF(MONTH(G26)<>$A$2,"",IF(AND(SUMIF($J$81:$J$197,G26,$R$81:$R$197)=0,G26<TODAY()),"무지출",SUMIF($J$81:$J$197,G26,$R$81:$R$197))) | H27: =IF(MONTH(H26)<>$A$2,"",IF(AND(SUMIF($J$81:$J$197,H26,$R$81:$R$197)=0,H26<TODAY()),"무지출",SUMIF($J$81:$J$197,H26,$R$81:$R$197)))
B30: 수입 | J30: 지출
B32: ='1월'!B32 -> 고정수입 | C32: =SUM($H$34:$H$53) -> 0 | J32: ='1월'!J32 -> 저축성지출 | K32: =SUM($R$34:$R$53) -> 0
B33: 날짜 | C33: 대분류 | D33: 소분류 | F33: 내용 | H33: 금액 | J33: 날짜 | K33: 구분 | L33: 대분류 | M33: 소분류 | N33: 지출 내용 | P33: 결제금액 | Q33: 할인 | R33: 실지출 | S33: 비고
R34: =IF(P34="","",P34-Q34)
R35: =IF(P35="","",P35-Q35)
R36: =IF(P36="","",P36-Q36)
R37: =IF(P37="","",P37-Q37)
R38: =IF(P38="","",P38-Q38)
R39: =IF(P39="","",P39-Q39)
R40: =IF(P40="","",P40-Q40)
R41: =IF(P41="","",P41-Q41)
R42: =IF(P42="","",P42-Q42)
R43: =IF(P43="","",P43-Q43)
R44: =IF(P44="","",P44-Q44)
R45: =IF(P45="","",P45-Q45)
... R53: =IF(P53="","",P53-Q53)
K55: 총 예산 | L55: =예산!K40 -> 0
B56: ='1월'!B56 -> 부가수입 | C56: =SUM($H$58:$H$145) -> 0 | J56: ='1월'!J56 -> 고정지출 | K56: 실지출 계 | L56: =SUM($R$58:$R$300) -> 0
B57: 날짜 | C57: 대분류 | D57: 소분류 | F57: 내용 | H57: 금액 | J57: 날짜 | K57: 구분 | L57: 대분류 | M57: 소분류 | N57: 지출 내용 | P57: 결제금액 | Q57: 할인 | R57: 실지출 | S57: 예산 잔액 | T57: 비고
R58: =IF(P58="","",P58-Q58) | S58: =IF(R58="","",L55-R58)
R59: =IF(P59="","",P59-Q59) | S59: =IF(R59="","",S58-R59)
R60: =IF(P60="","",P60-Q60) | S60: =IF(R60="","",S59-R60)
R61: =IF(P61="","",P61-Q61) | S61: =IF(R61="","",S60-R61)
R62: =IF(P62="","",P62-Q62) | S62: =IF(R62="","",S61-R62)
R63: =IF(P63="","",P63-Q63) | S63: =IF(R63="","",S62-R63)
R64: =IF(P64="","",P64-Q64) | S64: =IF(R64="","",S63-R64)
R65: =IF(P65="","",P65-Q65) | S65: =IF(R65="","",S64-R65)
R66: =IF(P66="","",P66-Q66) | S66: =IF(R66="","",S65-R66)
R67: =IF(P67="","",P67-Q67) | S67: =IF(R67="","",S66-R67)
R68: =IF(P68="","",P68-Q68) | S68: =IF(R68="","",S67-R68)
R69: =IF(P69="","",P69-Q69) | S69: =IF(R69="","",S68-R69)
R70: =IF(P70="","",P70-Q70) | S70: =IF(R70="","",S69-R70)
... R77: =IF(P77="","",P77-Q77) | S77: =IF(R77="","",S76-R77)
J79: ='1월'!J79 -> 변동지출 | R79: 변동지출 예산 | S79: =L55-SUM(P58:P77) -> 0
J80: 날짜 | K80: 구분 | L80: 대분류 | M80: 소분류 | N80: 지출 내용 | P80: 결제금액 | Q80: 할인 | R80: 실지출 | S80: 예산 잔액 | T80: 비고
R81: =IF(P81="","",P81-Q81) | S81: =IF(R81="","",S79-R81)
R82: =IF(P82="","",P82-Q82) | S82: =IF(R82="","",S81-R82)
R83: =IF(P83="","",P83-Q83) | S83: =IF(R83="","",S82-R83)
R84: =IF(P84="","",P84-Q84) | S84: =IF(R84="","",S83-R84)
R85: =IF(P85="","",P85-Q85) | S85: =IF(R85="","",S84-R85)
R86: =IF(P86="","",P86-Q86) | S86: =IF(R86="","",S85-R86)
R87: =IF(P87="","",P87-Q87) | S87: =IF(R87="","",S86-R87)
R88: =IF(P88="","",P88-Q88) | S88: =IF(R88="","",S87-R88)
R89: =IF(P89="","",P89-Q89) | S89: =IF(R89="","",S88-R89)
R90: =IF(P90="","",P90-Q90) | S90: =IF(R90="","",S89-R90)
R91: =IF(P91="","",P91-Q91) | S91: =IF(R91="","",S90-R91)
R92: =IF(P92="","",P92-Q92) | S92: =IF(R92="","",S91-R92)
R93: =IF(P93="","",P93-Q93) | S93: =IF(R93="","",S92-R93)
... R145: =IF(P145="","",P145-Q145) | S145: =IF(R145="","",S144-R145)

Sheet 10월
A1: =메인!$R$3 -> 2025 | B1: ◀ 10월 ▶
A2: =메인!$N$11 -> 10
B5: 총 수입 | C5: =SUM($C$32+$C$56) -> 0 | J5: ='1월'!J5 -> 이번달 목표 | P5: 필수지출
B6: 총 지출 | C6: =SUM($K$32+$L$56) -> 0 | J6: -
B7: 차액 | C7: =$C$5-$C$6 -> 0 | J7: -
G8: 무지출 성공 | H8: =COUNTIF(B10:H28,"무지출") -> 28
B9: 변동지출 달력 | J9: 소비성 지출 분석
B10: 일 | C10: 월 | D10: 화 | E10: 수 | F10: 목 | G10: 금 | H10: 토 | J10: 항목 | K10: 지출계 | L10: 예산 | M10: 예산대비 | N10: 전월지출 | O10: 전월대비
B11: =DATE($A$1,$A$2,1)-WEEKDAY(DATE($A$1,$A$2,1))+1 -> 45928 | C11: =B11+1 -> 45929 | D11: =C11+1 -> 45930 | E11: =D11+1 -> 45931 | F11: =E11+1 -> 45932 | G11: =F11+1 -> 45933 | H11: =G11+1 -> 45934 | J11: =항목!N$3 -> 통신비 | K11: =SUMIF($L$58:$L$300,J11,$R$58:$R$300) -> 0 | L11: =VLOOKUP(J11,예산!$B$41:$N$53,11,FALSE) -> 0 | M11: =L11-K11 -> 0 | N11: =VLOOKUP(J11,'9월'!$J$10:$K$23,2,FALSE) -> 0 | O11: =K11-N11 -> 0
B12: =IF(MONTH(B11)<>$A$2,"",IF(AND(SUMIF($J$81:$J$209,B11,$R$81:$R$209)=0,B11<TODAY()),"무지출",SUMIF($J$81:$J$209,B11,$R$81:$R$209))) | C12: =IF(MONTH(C11)<>$A$2,"",IF(AND(SUMIF($J$81:$J$209,C11,$R$81:$R$209)=0,C11<TODAY()),"무지출",SUMIF($J$81:$J$209,C11,$R$81:$R$209))) | D12: =IF(MONTH(D11)<>$A$2,"",IF(AND(SUMIF($J$81:$J$209,D11,$R$81:$R$209)=0,D11<TODAY()),"무지출",SUMIF($J$81:$J$209,D11,$R$81:$R$209))) | E12: =IF(MONTH(E11)<>$A$2,"",IF(AND(SUMIF($J$81:$J$209,E11,$R$81:$R$209)=0,E11<TODAY()),"무지출",SUMIF($J$81:$J$209,E11,$R$81:$R$209))) -> 무지출 | F12: =IF(MONTH(F11)<>$A$2,"",IF(AND(SUMIF($J$81:$J$209,F11,$R$81:$R$209)=0,F11<TODAY()),"무지출",SUMIF($J$81:$J$209,F11,$R$81:$R$209))) -> 무지출 | G12: =IF(MONTH(G11)<>$A$2,"",IF(AND(SUMIF($J$81:$J$209,G11,$R$81:$R$209)=0,G11<TODAY()),"무지출",SUMIF($J$81:$J$209,G11,$R$81:$R$209))) -> 무지출 | H12: =IF(MONTH(H11)<>$A$2,"",IF(AND(SUMIF($J$81:$J$209,H11,$R$81:$R$209)=0,H11<TODAY()),"무지출",SUMIF($J$81:$J$209,H11,$R$81:$R$209))) -> 무지출 | J12: =항목!P$3 -> 용돈 | K12: =SUMIF($L$58:$L$300,J12,$R$58:$R$300) -> 0 | L12: =VLOOKUP(J12,예산!$B$41:$N$53,11,FALSE) -> 0 | M12: =L12-K12 -> 0 | N12: =VLOOKUP(J12,'9월'!$J$10:$K$23,2,FALSE) -> 0 | O12: =K12-N12 -> 0
J13: =항목!K$3 -> 문화생활비 | K13: =SUMIF($L$58:$L$300,J13,$R$58:$R$300) -> 0 | L13: =VLOOKUP(J13,예산!$B$41:$N$53,11,FALSE) -> 0 | M13: =L13-K13 -> 0 | N13: =VLOOKUP(J13,'9월'!$J$10:$K$23,2,FALSE) -> 0 | O13: =K13-N13 -> 0
B14: =B11+7 -> 45935 | C14: =C11+7 -> 45936 | D14: =D11+7 -> 45937 | E14: =E11+7 -> 45938 | F14: =F11+7 -> 45939 | G14: =G11+7 -> 45940 | H14: =H11+7 -> 45941 | J14: =항목!J$3 -> 교육비 | K14: =SUMIF($L$58:$L$300,J14,$R$58:$R$300) -> 0 | L14: =VLOOKUP(J14,예산!$B$41:$N$53,11,FALSE) -> 0 | M14: =L14-K14 -> 0 | N14: =VLOOKUP(J14,'9월'!$J$10:$K$23,2,FALSE) -> 0 | O14: =K14-N14 -> 0
B15: =IF(MONTH(B14)<>$A$2,"",IF(AND(SUMIF($J$81:$J$209,B14,$R$81:$R$209)=0,B14<TODAY()),"무지출",SUMIF($J$81:$J$209,B14,$R$81:$R$209))) -> 무지출 | C15: =IF(MONTH(C14)<>$A$2,"",IF(AND(SUMIF($J$81:$J$209,C14,$R$81:$R$209)=0,C14<TODAY()),"무지출",SUMIF($J$81:$J$209,C14,$R$81:$R$209))) -> 무지출 | D15: =IF(MONTH(D14)<>$A$2,"",IF(AND(SUMIF($J$81:$J$209,D14,$R$81:$R$209)=0,D14<TODAY()),"무지출",SUMIF($J$81:$J$209,D14,$R$81:$R$209))) -> 무지출 | E15: =IF(MONTH(E14)<>$A$2,"",IF(AND(SUMIF($J$81:$J$209,E14,$R$81:$R$209)=0,E14<TODAY()),"무지출",SUMIF($J$81:$J$209,E14,$R$81:$R$209))) -> 무지출 | F15: =IF(MONTH(F14)<>$A$2,"",IF(AND(SUMIF($J$81:$J$209,F14,$R$81:$R$209)=0,F14<TODAY()),"무지출",SUMIF($J$81:$J$209,F14,$R$81:$R$209))) -> 무지출 | G15: =IF(MONTH(G14)<>$A$2,"",IF(AND(SUMIF($J$81:$J$209,G14,$R$81:$R$209)=0,G14<TODAY()),"무지출",SUMIF($J$81:$J$209,G14,$R$81:$R$209))) -> 무지출 | H15: =IF(MONTH(H14)<>$A$2,"",IF(AND(SUMIF($J$81:$J$209,H14,$R$81:$R$209)=0,H14<TODAY()),"무지출",SUMIF($J$81:$J$209,H14,$R$81:$R$209))) -> 무지출 | J15: =항목!O$3 -> 경조사회비 | K15: =SUMIF($L$58:$L$300,J15,$R$58:$R$300) -> 0 | L15: =VLOOKUP(J15,예산!$B$41:$N$53,11,FALSE) -> 0 | M15: =L15-K15 -> 0 | N15: =VLOOKUP(J15,'9월'!$J$10:$K$23,2,FALSE) -> 0 | O15: =K15-N15 -> 0
J16: =항목!M$3 -> 유류교통비 | K16: =SUMIF($L$58:$L$300,J16,$R$58:$R$300) -> 0 | L16: =VLOOKUP(J16,예산!$B$41:$N$53,11,FALSE) -> 0 | M16: =L16-K16 -> 0 | N16: =VLOOKUP(J16,'9월'!$J$10:$K$23,2,FALSE) -> 0 | O16: =K16-N16 -> 0
B17: =B11+14 -> 45942 | C17: =C11+14 -> 45943 | D17: =D11+14 -> 45944 | E17: =E11+14 -> 45945 | F17: =F11+14 -> 45946 | G17: =G11+14 -> 45947 | H17: =H11+14 -> 45948 | J17: =항목!I$3 -> 의류미용비 | K17: =SUMIF($L$58:$L$300,J17,$R$58:$R$300) -> 0 | L17: =VLOOKUP(J17,예산!$B$41:$N$53,11,FALSE) -> 0 | M17: =L17-K17 -> 0 | N17: =VLOOKUP(J17,'9월'!$J$10:$K$23,2,FALSE) -> 0 | O17: =K17-N17 -> 0
B18: =IF(MONTH(B17)<>$A$2,"",IF(AND(SUMIF($J$81:$J$209,B17,$R$81:$R$209)=0,B17<TODAY()),"무지출",SUMIF($J$81:$J$209,B17,$R$81:$R$209))) -> 무지출 | C18: =IF(MONTH(C17)<>$A$2,"",IF(AND(SUMIF($J$81:$J$209,C17,$R$81:$R$209)=0,C17<TODAY()),"무지출",SUMIF($J$81:$J$209,C17,$R$81:$R$209))) -> 무지출 | D18: =IF(MONTH(D17)<>$A$2,"",IF(AND(SUMIF($J$81:$J$209,D17,$R$81:$R$209)=0,D17<TODAY()),"무지출",SUMIF($J$81:$J$209,D17,$R$81:$R$209))) -> 무지출 | E18: =IF(MONTH(E17)<>$A$2,"",IF(AND(SUMIF($J$81:$J$209,E17,$R$81:$R$209)=0,E17<TODAY()),"무지출",SUMIF($J$81:$J$209,E17,$R$81:$R$209))) -> 무지출 | F18: =IF(MONTH(F17)<>$A$2,"",IF(AND(SUMIF($J$81:$J$209,F17,$R$81:$R$209)=0,F17<TODAY()),"무지출",SUMIF($J$81:$J$209,F17,$R$81:$R$209))) -> 무지출 | G18: =IF(MONTH(G17)<>$A$2,"",IF(AND(SUMIF($J$81:$J$209,G17,$R$81:$R$209)=0,G17<TODAY()),"무지출",SUMIF($J$81:$J$209,G17,$R$81:$R$209))) -> 무지출 | H18: =IF(MONTH(H17)<>$A$2,"",IF(AND(SUMIF($J$81:$J$209,H17,$R$81:$R$209)=0,H17<TODAY()),"무지출",SUMIF($J$81:$J$209,H17,$R$81:$R$209))) -> 무지출 | J18: =항목!E$3 -> 식비 | K18: =SUMIF($L$58:$L$300,J18,$R$58:$R$300) -> 0 | L18: =VLOOKUP(J18,예산!$B$41:$N$53,11,FALSE) -> 0 | M18: =L18-K18 -> 0 | N18: =VLOOKUP(J18,'9월'!$J$10:$K$23,2,FALSE) -> 0 | O18: =K18-N18 -> 0
J19: =항목!G$3 -> 생활용품비 | K19: =SUMIF($L$58:$L$300,J19,$R$58:$R$300) -> 0 | L19: =VLOOKUP(J19,예산!$B$41:$N$53,11,FALSE) -> 0 | M19: =L19-K19 -> 0 | N19: =VLOOKUP(J19,'9월'!$J$10:$K$23,2,FALSE) -> 0 | O19: =K19-N19 -> 0
B20: =B11+21 -> 45949 | C20: =C11+21 -> 45950 | D20: =D11+21 -> 45951 | E20: =E11+21 -> 45952 | F20: =F11+21 -> 45953 | G20: =G11+21 -> 45954 | H20: =H11+21 -> 45955 | J20: =항목!Q$3 -> 추가항목 | K20: =SUMIF($L$58:$L$300,J20,$R$58:$R$300) -> 0 | L20: =VLOOKUP(J20,예산!$B$41:$N$53,11,FALSE) -> 0 | M20: =L20-K20 -> 0 | N20: =VLOOKUP(J20,'9월'!$J$10:$K$23,2,FALSE) -> 0 | O20: =K20-N20 -> 0
B21: =IF(MONTH(B20)<>$A$2,"",IF(AND(SUMIF($J$81:$J$209,B20,$R$81:$R$209)=0,B20<TODAY()),"무지출",SUMIF($J$81:$J$209,B20,$R$81:$R$209))) -> 무지출 | C21: =IF(MONTH(C20)<>$A$2,"",IF(AND(SUMIF($J$81:$J$209,C20,$R$81:$R$209)=0,C20<TODAY()),"무지출",SUMIF($J$81:$J$209,C20,$R$81:$R$209))) -> 무지출 | D21: =IF(MONTH(D20)<>$A$2,"",IF(AND(SUMIF($J$81:$J$209,D20,$R$81:$R$209)=0,D20<TODAY()),"무지출",SUMIF($J$81:$J$209,D20,$R$81:$R$209))) -> 무지출 | E21: =IF(MONTH(E20)<>$A$2,"",IF(AND(SUMIF($J$81:$J$209,E20,$R$81:$R$209)=0,E20<TODAY()),"무지출",SUMIF($J$81:$J$209,E20,$R$81:$R$209))) -> 무지출 | F21: =IF(MONTH(F20)<>$A$2,"",IF(AND(SUMIF($J$81:$J$209,F20,$R$81:$R$209)=0,F20<TODAY()),"무지출",SUMIF($J$81:$J$209,F20,$R$81:$R$209))) -> 무지출 | G21: =IF(MONTH(G20)<>$A$2,"",IF(AND(SUMIF($J$81:$J$209,G20,$R$81:$R$209)=0,G20<TODAY()),"무지출",SUMIF($J$81:$J$209,G20,$R$81:$R$209))) -> 무지출 | H21: =IF(MONTH(H20)<>$A$2,"",IF(AND(SUMIF($J$81:$J$209,H20,$R$81:$R$209)=0,H20<TODAY()),"무지출",SUMIF($J$81:$J$209,H20,$R$81:$R$209))) -> 무지출 | J21: =항목!L$3 -> 의료비 | K21: =SUMIF($L$58:$L$300,J21,$R$58:$R$300) -> 0 | L21: =VLOOKUP(J21,예산!$B$41:$N$53,11,FALSE) -> 0 | M21: =L21-K21 -> 0 | N21: =VLOOKUP(J21,'9월'!$J$10:$K$23,2,FALSE) -> 0 | O21: =K21-N21 -> 0
J22: =항목!F$3 -> 주거비 | K22: =SUMIF($L$58:$L$300,J22,$R$58:$R$300) -> 0 | L22: =VLOOKUP(J22,예산!$B$41:$N$53,11,FALSE) -> 0 | M22: =L22-K22 -> 0 | N22: =VLOOKUP(J22,'9월'!$J$10:$K$23,2,FALSE) -> 0 | O22: =K22-N22 -> 0
B23: =B11+28 -> 45956 | C23: =C11+28 -> 45957 | D23: =D11+28 -> 45958 | E23: =E11+28 -> 45959 | F23: =F11+28 -> 45960 | G23: =G11+28 -> 45961 | H23: =H11+28 -> 45962 | J23: =항목!H$3 -> 반려동물비 | K23: =SUMIF($L$58:$L$300,J23,$R$58:$R$300) -> 0 | L23: =VLOOKUP(J23,예산!$B$41:$N$53,11,FALSE) -> 0 | M23: =L23-K23 -> 0 | N23: =VLOOKUP(J23,'9월'!$J$10:$K$23,2,FALSE) -> 0 | O23: =K23-N23 -> 0
B24: =IF(MONTH(B23)<>$A$2,"",IF(AND(SUMIF($J$81:$J$209,B23,$R$81:$R$209)=0,B23<TODAY()),"무지출",SUMIF($J$81:$J$209,B23,$R$81:$R$209))) -> 무지출 | C24: =IF(MONTH(C23)<>$A$2,"",IF(AND(SUMIF($J$81:$J$209,C23,$R$81:$R$209)=0,C23<TODAY()),"무지출",SUMIF($J$81:$J$209,C23,$R$81:$R$209))) -> 무지출 | D24: =IF(MONTH(D23)<>$A$2,"",IF(AND(SUMIF($J$81:$J$209,D23,$R$81:$R$209)=0,D23<TODAY()),"무지출",SUMIF($J$81:$J$209,D23,$R$81:$R$209))) -> 무지출 | E24: =IF(MONTH(E23)<>$A$2,"",IF(AND(SUMIF($J$81:$J$209,E23,$R$81:$R$209)=0,E23<TODAY()),"무지출",SUMIF($J$81:$J$209,E23,$R$81:$R$209))) -> 0 | F24: =IF(MONTH(F23)<>$A$2,"",IF(AND(SUMIF($J$81:$J$209,F23,$R$81:$R$209)=0,F23<TODAY()),"무지출",SUMIF($J$81:$J$209,F23,$R$81:$R$209))) -> 0 | G24: =IF(MONTH(G23)<>$A$2,"",IF(AND(SUMIF($J$81:$J$209,G23,$R$81:$R$209)=0,G23<TODAY()),"무지출",SUMIF($J$81:$J$209,G23,$R$81:$R$209))) -> 0 | H24: =IF(MONTH(H23)<>$A$2,"",IF(AND(SUMIF($J$81:$J$209,H23,$R$81:$R$209)=0,H23<TODAY()),"무지출",SUMIF($J$81:$J$209,H23,$R$81:$R$209)))
J25: MEMO
B26: =B11+35 -> 45963 | C26: =C11+35 -> 45964 | D26: =D11+35 -> 45965 | E26: =E11+35 -> 45966 | F26: =F11+35 -> 45967 | G26: =G11+35 -> 45968 | H26: =H11+35 -> 45969
B27: =IF(MONTH(B26)<>$A$2,"",IF(AND(SUMIF($J$81:$J$209,B26,$R$81:$R$209)=0,B26<TODAY()),"무지출",SUMIF($J$81:$J$209,B26,$R$81:$R$209))) | C27: =IF(MONTH(C26)<>$A$2,"",IF(AND(SUMIF($J$81:$J$209,C26,$R$81:$R$209)=0,C26<TODAY()),"무지출",SUMIF($J$81:$J$209,C26,$R$81:$R$209))) | D27: =IF(MONTH(D26)<>$A$2,"",IF(AND(SUMIF($J$81:$J$209,D26,$R$81:$R$209)=0,D26<TODAY()),"무지출",SUMIF($J$81:$J$209,D26,$R$81:$R$209))) | E27: =IF(MONTH(E26)<>$A$2,"",IF(AND(SUMIF($J$81:$J$209,E26,$R$81:$R$209)=0,E26<TODAY()),"무지출",SUMIF($J$81:$J$209,E26,$R$81:$R$209))) | F27: =IF(MONTH(F26)<>$A$2,"",IF(AND(SUMIF($J$81:$J$209,F26,$R$81:$R$209)=0,F26<TODAY()),"무지출",SUMIF($J$81:$J$209,F26,$R$81:$R$209))) | G27: =IF(MONTH(G26)<>$A$2,"",IF(AND(SUMIF($J$81:$J$209,G26,$R$81:$R$209)=0,G26<TODAY()),"무지출",SUMIF($J$81:$J$209,G26,$R$81:$R$209))) | H27: =IF(MONTH(H26)<>$A$2,"",IF(AND(SUMIF($J$81:$J$209,H26,$R$81:$R$209)=0,H26<TODAY()),"무지출",SUMIF($J$81:$J$209,H26,$R$81:$R$209)))
B30: 수입 | J30: 지출
B32: ='1월'!B32 -> 고정수입 | C32: =SUM($H$34:$H$53) -> 0 | J32: ='1월'!J32 -> 저축성지출 | K32: =SUM($R$34:$R$53) -> 0
B33: 날짜 | C33: 대분류 | D33: 소분류 | E33: 내용 | H33: 금액 | J33: 날짜 | K33: 구분 | L33: 대분류 | M33: 소분류 | N33: 지출 내용 | P33: 결제금액 | Q33: 할인 | R33: 실지출 | S33: 비고
R34: =IF(P34="","",P34-Q34)
R35: =IF(P35="","",P35-Q35)
R36: =IF(P36="","",P36-Q36)
R37: =IF(P37="","",P37-Q37)
R38: =IF(P38="","",P38-Q38)
R39: =IF(P39="","",P39-Q39)
R40: =IF(P40="","",P40-Q40)
R41: =IF(P41="","",P41-Q41)
R42: =IF(P42="","",P42-Q42)
R43: =IF(P43="","",P43-Q43)
R44: =IF(P44="","",P44-Q44)
R45: =IF(P45="","",P45-Q45)
... R53: =IF(P53="","",P53-Q53)
K55: 총 예산 | L55: =예산!L40 -> 0
B56: ='1월'!B56 -> 부가수입 | C56: =SUM($H$58:$H$145) -> 0 | J56: ='1월'!J56 -> 고정지출 | K56: 실지출 계 | L56: =SUM($R$58:$R$300) -> 0
B57: 날짜 | C57: 대분류 | D57: 소분류 | E57: 내용 | H57: 금액 | J57: 날짜 | K57: 구분 | L57: 대분류 | M57: 소분류 | N57: 지출 내용 | P57: 결제금액 | Q57: 할인 | R57: 실지출 | S57: 예산 잔액 | T57: 비고
R58: =IF(P58="","",P58-Q58) | S58: =IF(R58="","",L55-R58)
R59: =IF(P59="","",P59-Q59) | S59: =IF(R59="","",S58-R59)
R60: =IF(P60="","",P60-Q60) | S60: =IF(R60="","",S59-R60)
R61: =IF(P61="","",P61-Q61) | S61: =IF(R61="","",S60-R61)
R62: =IF(P62="","",P62-Q62) | S62: =IF(R62="","",S61-R62)
R63: =IF(P63="","",P63-Q63) | S63: =IF(R63="","",S62-R63)
R64: =IF(P64="","",P64-Q64) | S64: =IF(R64="","",S63-R64)
R65: =IF(P65="","",P65-Q65) | S65: =IF(R65="","",S64-R65)
R66: =IF(P66="","",P66-Q66) | S66: =IF(R66="","",S65-R66)
R67: =IF(P67="","",P67-Q67) | S67: =IF(R67="","",S66-R67)
R68: =IF(P68="","",P68-Q68) | S68: =IF(R68="","",S67-R68)
R69: =IF(P69="","",P69-Q69) | S69: =IF(R69="","",S68-R69)
R70: =IF(P70="","",P70-Q70) | S70: =IF(R70="","",S69-R70)
... R77: =IF(P77="","",P77-Q77) | S77: =IF(R77="","",S76-R77)
S78: =IF(R78="","",S56-R78)
J79: ='1월'!J79 -> 변동지출 | R79: 변동지출 예산 | S79: =L55-SUM(P58:P77) -> 0
J80: 날짜 | K80: 구분 | L80: 대분류 | M80: 소분류 | N80: 지출 내용 | P80: 결제금액 | Q80: 할인 | R80: 실지출 | S80: 예산 잔액 | T80: 비고
R81: =IF(P81="","",P81-Q81) | S81: =IF(R81="","",S79-R81)
R82: =IF(P82="","",P82-Q82) | S82: =IF(R82="","",S81-R82)
R83: =IF(P83="","",P83-Q83) | S83: =IF(R83="","",S82-R83)
R84: =IF(P84="","",P84-Q84) | S84: =IF(R84="","",S83-R84)
R85: =IF(P85="","",P85-Q85) | S85: =IF(R85="","",S84-R85)
R86: =IF(P86="","",P86-Q86) | S86: =IF(R86="","",S85-R86)
R87: =IF(P87="","",P87-Q87) | S87: =IF(R87="","",S86-R87)
R88: =IF(P88="","",P88-Q88) | S88: =IF(R88="","",S87-R88)
R89: =IF(P89="","",P89-Q89) | S89: =IF(R89="","",S88-R89)
R90: =IF(P90="","",P90-Q90) | S90: =IF(R90="","",S89-R90)
R91: =IF(P91="","",P91-Q91) | S91: =IF(R91="","",S90-R91)
R92: =IF(P92="","",P92-Q92) | S92: =IF(R92="","",S91-R92)
R93: =IF(P93="","",P93-Q93) | S93: =IF(R93="","",S92-R93)
... R145: =IF(P145="","",P145-Q145) | S145: =IF(R145="","",S144-R145)

Sheet 11월
A1: =메인!$R$3 -> 2025 | B1: ◀ 11월 ▶
A2: =메인!$O$11 -> 11
B5: 총 수입 | C5: =SUM($C$32+$C$56) -> 0 | J5: ='1월'!J5 -> 이번달 목표 | P5: 필수지출
B6: 총 지출 | C6: =SUM($K$32+$L$56) -> 0 | J6: -
B7: 차액 | C7: =$C$5-$C$6 -> 0 | J7: -
G8: 무지출 성공 | H8: =COUNTIF(B10:H28,"무지출") -> 0
B9: 변동지출 달력 | J9: 소비성 지출 분석
B10: 일 | C10: 월 | D10: 화 | E10: 수 | F10: 목 | G10: 금 | H10: 토 | J10: 항목 | K10: 지출계 | L10: 예산 | M10: 예산대비 | N10: 전월지출 | O10: 전월대비
B11: =DATE($A$1,$A$2,1)-WEEKDAY(DATE($A$1,$A$2,1))+1 -> 45956 | C11: =B11+1 -> 45957 | D11: =C11+1 -> 45958 | E11: =D11+1 -> 45959 | F11: =E11+1 -> 45960 | G11: =F11+1 -> 45961 | H11: =G11+1 -> 45962 | J11: =항목!N$3 -> 통신비 | K11: =SUMIF($L$58:$L$300,J11,$R$58:$R$300) -> 0 | L11: =VLOOKUP(J11,예산!$B$41:$N$53,12,FALSE) -> 0 | M11: =L11-K11 -> 0 | N11: =VLOOKUP(J11,'10월'!$J$10:$K$23,2,FALSE) -> 0 | O11: =K11-N11 -> 0
B12: =IF(MONTH(B11)<>$A$2,"",IF(AND(SUMIF($J$81:$J$217,B11,$R$81:$R$217)=0,B11<TODAY()),"무지출",SUMIF($J$81:$J$217,B11,$R$81:$R$217))) | C12: =IF(MONTH(C11)<>$A$2,"",IF(AND(SUMIF($J$81:$J$217,C11,$R$81:$R$217)=0,C11<TODAY()),"무지출",SUMIF($J$81:$J$217,C11,$R$81:$R$217))) | D12: =IF(MONTH(D11)<>$A$2,"",IF(AND(SUMIF($J$81:$J$217,D11,$R$81:$R$217)=0,D11<TODAY()),"무지출",SUMIF($J$81:$J$217,D11,$R$81:$R$217))) | E12: =IF(MONTH(E11)<>$A$2,"",IF(AND(SUMIF($J$81:$J$217,E11,$R$81:$R$217)=0,E11<TODAY()),"무지출",SUMIF($J$81:$J$217,E11,$R$81:$R$217))) | F12: =IF(MONTH(F11)<>$A$2,"",IF(AND(SUMIF($J$81:$J$217,F11,$R$81:$R$217)=0,F11<TODAY()),"무지출",SUMIF($J$81:$J$217,F11,$R$81:$R$217))) | G12: =IF(MONTH(G11)<>$A$2,"",IF(AND(SUMIF($J$81:$J$217,G11,$R$81:$R$217)=0,G11<TODAY()),"무지출",SUMIF($J$81:$J$217,G11,$R$81:$R$217))) | H12: =IF(MONTH(H11)<>$A$2,"",IF(AND(SUMIF($J$81:$J$217,H11,$R$81:$R$217)=0,H11<TODAY()),"무지출",SUMIF($J$81:$J$217,H11,$R$81:$R$217))) -> 0 | J12: =항목!K$3 -> 문화생활비 | K12: =SUMIF($L$58:$L$300,J12,$R$58:$R$300) -> 0 | L12: =VLOOKUP(J12,예산!$B$41:$N$53,12,FALSE) -> 0 | M12: =L12-K12 -> 0 | N12: =VLOOKUP(J12,'10월'!$J$10:$K$23,2,FALSE) -> 0 | O12: =K12-N12 -> 0
J13: =항목!P$3 -> 용돈 | K13: =SUMIF($L$58:$L$300,J13,$R$58:$R$300) -> 0 | L13: =VLOOKUP(J13,예산!$B$41:$N$53,12,FALSE) -> 0 | M13: =L13-K13 -> 0 | N13: =VLOOKUP(J13,'10월'!$J$10:$K$23,2,FALSE) -> 0 | O13: =K13-N13 -> 0
B14: =B11+7 -> 45963 | C14: =C11+7 -> 45964 | D14: =D11+7 -> 45965 | E14: =E11+7 -> 45966 | F14: =F11+7 -> 45967 | G14: =G11+7 -> 45968 | H14: =H11+7 -> 45969 | J14: =항목!O$3 -> 경조사회비 | K14: =SUMIF($L$58:$L$300,J14,$R$58:$R$300) -> 0 | L14: =VLOOKUP(J14,예산!$B$41:$N$53,12,FALSE) -> 0 | M14: =L14-K14 -> 0 | N14: =VLOOKUP(J14,'10월'!$J$10:$K$23,2,FALSE) -> 0 | O14: =K14-N14 -> 0
B15: =IF(MONTH(B14)<>$A$2,"",IF(AND(SUMIF($J$81:$J$217,B14,$R$81:$R$217)=0,B14<TODAY()),"무지출",SUMIF($J$81:$J$217,B14,$R$81:$R$217))) -> 0 | C15: =IF(MONTH(C14)<>$A$2,"",IF(AND(SUMIF($J$81:$J$217,C14,$R$81:$R$217)=0,C14<TODAY()),"무지출",SUMIF($J$81:$J$217,C14,$R$81:$R$217))) -> 0 | D15: =IF(MONTH(D14)<>$A$2,"",IF(AND(SUMIF($J$81:$J$217,D14,$R$81:$R$217)=0,D14<TODAY()),"무지출",SUMIF($J$81:$J$217,D14,$R$81:$R$217))) -> 0 | E15: =IF(MONTH(E14)<>$A$2,"",IF(AND(SUMIF($J$81:$J$217,E14,$R$81:$R$217)=0,E14<TODAY()),"무지출",SUMIF($J$81:$J$217,E14,$R$81:$R$217))) -> 0 | F15: =IF(MONTH(F14)<>$A$2,"",IF(AND(SUMIF($J$81:$J$217,F14,$R$81:$R$217)=0,F14<TODAY()),"무지출",SUMIF($J$81:$J$217,F14,$R$81:$R$217))) -> 0 | G15: =IF(MONTH(G14)<>$A$2,"",IF(AND(SUMIF($J$81:$J$217,G14,$R$81:$R$217)=0,G14<TODAY()),"무지출",SUMIF($J$81:$J$217,G14,$R$81:$R$217))) -> 0 | H15: =IF(MONTH(H14)<>$A$2,"",IF(AND(SUMIF($J$81:$J$217,H14,$R$81:$R$217)=0,H14<TODAY()),"무지출",SUMIF($J$81:$J$217,H14,$R$81:$R$217))) -> 0 | J15: =항목!M$3 -> 유류교통비 | K15: =SUMIF($L$58:$L$300,J15,$R$58:$R$300) -> 0 | L15: =VLOOKUP(J15,예산!$B$41:$N$53,12,FALSE) -> 0 | M15: =L15-K15 -> 0 | N15: =VLOOKUP(J15,'10월'!$J$10:$K$23,2,FALSE) -> 0 | O15: =K15-N15 -> 0
J16: =항목!E$3 -> 식비 | K16: =SUMIF($L$58:$L$300,J16,$R$58:$R$300) -> 0 | L16: =VLOOKUP(J16,예산!$B$41:$N$53,12,FALSE) -> 0 | M16: =L16-K16 -> 0 | N16: =VLOOKUP(J16,'10월'!$J$10:$K$23,2,FALSE) -> 0 | O16: =K16-N16 -> 0
B17: =B11+14 -> 45970 | C17: =C11+14 -> 45971 | D17: =D11+14 -> 45972 | E17: =E11+14 -> 45973 | F17: =F11+14 -> 45974 | G17: =G11+14 -> 45975 | H17: =H11+14 -> 45976 | J17: =항목!J$3 -> 교육비 | K17: =SUMIF($L$58:$L$300,J17,$R$58:$R$300) -> 0 | L17: =VLOOKUP(J17,예산!$B$41:$N$53,12,FALSE) -> 0 | M17: =L17-K17 -> 0 | N17: =VLOOKUP(J17,'10월'!$J$10:$K$23,2,FALSE) -> 0 | O17: =K17-N17 -> 0
B18: =IF(MONTH(B17)<>$A$2,"",IF(AND(SUMIF($J$81:$J$217,B17,$R$81:$R$217)=0,B17<TODAY()),"무지출",SUMIF($J$81:$J$217,B17,$R$81:$R$217))) -> 0 | C18: =IF(MONTH(C17)<>$A$2,"",IF(AND(SUMIF($J$81:$J$217,C17,$R$81:$R$217)=0,C17<TODAY()),"무지출",SUMIF($J$81:$J$217,C17,$R$81:$R$217))) -> 0 | D18: =IF(MONTH(D17)<>$A$2,"",IF(AND(SUMIF($J$81:$J$217,D17,$R$81:$R$217)=0,D17<TODAY()),"무지출",SUMIF($J$81:$J$217,D17,$R$81:$R$217))) -> 0 | E18: =IF(MONTH(E17)<>$A$2,"",IF(AND(SUMIF($J$81:$J$217,E17,$R$81:$R$217)=0,E17<TODAY()),"무지출",SUMIF($J$81:$J$217,E17,$R$81:$R$217))) -> 0 | F18: =IF(MONTH(F17)<>$A$2,"",IF(AND(SUMIF($J$81:$J$217,F17,$R$81:$R$217)=0,F17<TODAY()),"무지출",SUMIF($J$81:$J$217,F17,$R$81:$R$217))) -> 0 | G18: =IF(MONTH(G17)<>$A$2,"",IF(AND(SUMIF($J$81:$J$217,G17,$R$81:$R$217)=0,G17<TODAY()),"무지출",SUMIF($J$81:$J$217,G17,$R$81:$R$217))) -> 0 | H18: =IF(MONTH(H17)<>$A$2,"",IF(AND(SUMIF($J$81:$J$217,H17,$R$81:$R$217)=0,H17<TODAY()),"무지출",SUMIF($J$81:$J$217,H17,$R$81:$R$217))) -> 0 | J18: =항목!G$3 -> 생활용품비 | K18: =SUMIF($L$58:$L$300,J18,$R$58:$R$300) -> 0 | L18: =VLOOKUP(J18,예산!$B$41:$N$53,12,FALSE) -> 0 | M18: =L18-K18 -> 0 | N18: =VLOOKUP(J18,'10월'!$J$10:$K$23,2,FALSE) -> 0 | O18: =K18-N18 -> 0
J19: =항목!I$3 -> 의류미용비 | K19: =SUMIF($L$58:$L$300,J19,$R$58:$R$300) -> 0 | L19: =VLOOKUP(J19,예산!$B$41:$N$53,12,FALSE) -> 0 | M19: =L19-K19 -> 0 | N19: =VLOOKUP(J19,'10월'!$J$10:$K$23,2,FALSE) -> 0 | O19: =K19-N19 -> 0
B20: =B11+21 -> 45977 | C20: =C11+21 -> 45978 | D20: =D11+21 -> 45979 | E20: =E11+21 -> 45980 | F20: =F11+21 -> 45981 | G20: =G11+21 -> 45982 | H20: =H11+21 -> 45983 | J20: =항목!Q$3 -> 추가항목 | K20: =SUMIF($L$58:$L$300,J20,$R$58:$R$300) -> 0 | L20: =VLOOKUP(J20,예산!$B$41:$N$53,12,FALSE) -> 0 | M20: =L20-K20 -> 0 | N20: =VLOOKUP(J20,'10월'!$J$10:$K$23,2,FALSE) -> 0 | O20: =K20-N20 -> 0
B21: =IF(MONTH(B20)<>$A$2,"",IF(AND(SUMIF($J$81:$J$217,B20,$R$81:$R$217)=0,B20<TODAY()),"무지출",SUMIF($J$81:$J$217,B20,$R$81:$R$217))) -> 0 | C21: =IF(MONTH(C20)<>$A$2,"",IF(AND(SUMIF($J$81:$J$217,C20,$R$81:$R$217)=0,C20<TODAY()),"무지출",SUMIF($J$81:$J$217,C20,$R$81:$R$217))) -> 0 | D21: =IF(MONTH(D20)<>$A$2,"",IF(AND(SUMIF($J$81:$J$217,D20,$R$81:$R$217)=0,D20<TODAY()),"무지출",SUMIF($J$81:$J$217,D20,$R$81:$R$217))) -> 0 | E21: =IF(MONTH(E20)<>$A$2,"",IF(AND(SUMIF($J$81:$J$217,E20,$R$81:$R$217)=0,E20<TODAY()),"무지출",SUMIF($J$81:$J$217,E20,$R$81:$R$217))) -> 0 | F21: =IF(MONTH(F20)<>$A$2,"",IF(AND(SUMIF($J$81:$J$217,F20,$R$81:$R$217)=0,F20<TODAY()),"무지출",SUMIF($J$81:$J$217,F20,$R$81:$R$217))) -> 0 | G21: =IF(MONTH(G20)<>$A$2,"",IF(AND(SUMIF($J$81:$J$217,G20,$R$81:$R$217)=0,G20<TODAY()),"무지출",SUMIF($J$81:$J$217,G20,$R$81:$R$217))) -> 0 | H21: =IF(MONTH(H20)<>$A$2,"",IF(AND(SUMIF($J$81:$J$217,H20,$R$81:$R$217)=0,H20<TODAY()),"무지출",SUMIF($J$81:$J$217,H20,$R$81:$R$217))) -> 0 | J21: =항목!L$3 -> 의료비 | K21: =SUMIF($L$58:$L$300,J21,$R$58:$R$300) -> 0 | L21: =VLOOKUP(J21,예산!$B$41:$N$53,12,FALSE) -> 0 | M21: =L21-K21 -> 0 | N21: =VLOOKUP(J21,'10월'!$J$10:$K$23,2,FALSE) -> 0 | O21: =K21-N21 -> 0
J22: =항목!F$3 -> 주거비 | K22: =SUMIF($L$58:$L$300,J22,$R$58:$R$300) -> 0 | L22: =VLOOKUP(J22,예산!$B$41:$N$53,12,FALSE) -> 0 | M22: =L22-K22 -> 0 | N22: =VLOOKUP(J22,'10월'!$J$10:$K$23,2,FALSE) -> 0 | O22: =K22-N22 -> 0
B23: =B11+28 -> 45984 | C23: =C11+28 -> 45985 | D23: =D11+28 -> 45986 | E23: =E11+28 -> 45987 | F23: =F11+28 -> 45988 | G23: =G11+28 -> 45989 | H23: =H11+28 -> 45990 | J23: =항목!H$3 -> 반려동물비 | K23: =SUMIF($L$58:$L$300,J23,$R$58:$R$300) -> 0 | L23: =VLOOKUP(J23,예산!$B$41:$N$53,12,FALSE) -> 0 | M23: =L23-K23 -> 0 | N23: =VLOOKUP(J23,'10월'!$J$10:$K$23,2,FALSE) -> 0 | O23: =K23-N23 -> 0
B24: =IF(MONTH(B23)<>$A$2,"",IF(AND(SUMIF($J$81:$J$217,B23,$R$81:$R$217)=0,B23<TODAY()),"무지출",SUMIF($J$81:$J$217,B23,$R$81:$R$217))) -> 0 | C24: =IF(MONTH(C23)<>$A$2,"",IF(AND(SUMIF($J$81:$J$217,C23,$R$81:$R$217)=0,C23<TODAY()),"무지출",SUMIF($J$81:$J$217,C23,$R$81:$R$217))) -> 0 | D24: =IF(MONTH(D23)<>$A$2,"",IF(AND(SUMIF($J$81:$J$217,D23,$R$81:$R$217)=0,D23<TODAY()),"무지출",SUMIF($J$81:$J$217,D23,$R$81:$R$217))) -> 0 | E24: =IF(MONTH(E23)<>$A$2,"",IF(AND(SUMIF($J$81:$J$217,E23,$R$81:$R$217)=0,E23<TODAY()),"무지출",SUMIF($J$81:$J$217,E23,$R$81:$R$217))) -> 0 | F24: =IF(MONTH(F23)<>$A$2,"",IF(AND(SUMIF($J$81:$J$217,F23,$R$81:$R$217)=0,F23<TODAY()),"무지출",SUMIF($J$81:$J$217,F23,$R$81:$R$217))) -> 0 | G24: =IF(MONTH(G23)<>$A$2,"",IF(AND(SUMIF($J$81:$J$217,G23,$R$81:$R$217)=0,G23<TODAY()),"무지출",SUMIF($J$81:$J$217,G23,$R$81:$R$217))) -> 0 | H24: =IF(MONTH(H23)<>$A$2,"",IF(AND(SUMIF($J$81:$J$217,H23,$R$81:$R$217)=0,H23<TODAY()),"무지출",SUMIF($J$81:$J$217,H23,$R$81:$R$217))) -> 0
J25: MEMO
B26: =B11+35 -> 45991 | C26: =C11+35 -> 45992 | D26: =D11+35 -> 45993 | E26: =E11+35 -> 45994 | F26: =F11+35 -> 45995 | G26: =G11+35 -> 45996 | H26: =H11+35 -> 45997
B27: =IF(MONTH(B26)<>$A$2,"",IF(AND(SUMIF($J$81:$J$217,B26,$R$81:$R$217)=0,B26<TODAY()),"무지출",SUMIF($J$81:$J$217,B26,$R$81:$R$217))) -> 0 | C27: =IF(MONTH(C26)<>$A$2,"",IF(AND(SUMIF($J$81:$J$217,C26,$R$81:$R$217)=0,C26<TODAY()),"무지출",SUMIF($J$81:$J$217,C26,$R$81:$R$217))) | D27: =IF(MONTH(D26)<>$A$2,"",IF(AND(SUMIF($J$81:$J$217,D26,$R$81:$R$217)=0,D26<TODAY()),"무지출",SUMIF($J$81:$J$217,D26,$R$81:$R$217))) | E27: =IF(MONTH(E26)<>$A$2,"",IF(AND(SUMIF($J$81:$J$217,E26,$R$81:$R$217)=0,E26<TODAY()),"무지출",SUMIF($J$81:$J$217,E26,$R$81:$R$217))) | F27: =IF(MONTH(F26)<>$A$2,"",IF(AND(SUMIF($J$81:$J$217,F26,$R$81:$R$217)=0,F26<TODAY()),"무지출",SUMIF($J$81:$J$217,F26,$R$81:$R$217))) | G27: =IF(MONTH(G26)<>$A$2,"",IF(AND(SUMIF($J$81:$J$217,G26,$R$81:$R$217)=0,G26<TODAY()),"무지출",SUMIF($J$81:$J$217,G26,$R$81:$R$217))) | H27: =IF(MONTH(H26)<>$A$2,"",IF(AND(SUMIF($J$81:$J$217,H26,$R$81:$R$217)=0,H26<TODAY()),"무지출",SUMIF($J$81:$J$217,H26,$R$81:$R$217)))
B30: 수입 | J30: 지출
B32: ='1월'!B32 -> 고정수입 | C32: =SUM($H$34:$H$53) -> 0 | J32: ='1월'!J32 -> 저축성지출 | K32: =SUM($R$34:$R$53) -> 0
B33: 날짜 | C33: 대분류 | D33: 소분류 | E33: 내용 | H33: 금액 | J33: 날짜 | K33: 구분 | L33: 대분류 | M33: 소분류 | N33: 지출 내용 | P33: 결제금액 | Q33: 할인 | R33: 실지출 | S33: 비고
R34: =IF(P34="","",P34-Q34)
R35: =IF(P35="","",P35-Q35)
R36: =IF(P36="","",P36-Q36)
R37: =IF(P37="","",P37-Q37)
R38: =IF(P38="","",P38-Q38)
R39: =IF(P39="","",P39-Q39)
R40: =IF(P40="","",P40-Q40)
R41: =IF(P41="","",P41-Q41)
R42: =IF(P42="","",P42-Q42)
R43: =IF(P43="","",P43-Q43)
R44: =IF(P44="","",P44-Q44)
R45: =IF(P45="","",P45-Q45)
... R53: =IF(P53="","",P53-Q53)
K55: 총 예산 | L55: =예산!M40 -> 0
B56: ='1월'!B56 -> 부가수입 | C56: =SUM($H$58:$H$145) -> 0 | J56: ='1월'!J56 -> 고정지출 | K56: 실지출 계 | L56: =SUM($R$58:$R$300) -> 0
B57: 날짜 | C57: 대분류 | D57: 소분류 | E57: 내용 | H57: 금액 | J57: 날짜 | K57: 구분 | L57: 대분류 | M57: 소분류 | N57: 지출 내용 | P57: 결제금액 | Q57: 할인 | R57: 실지출 | S57: 예산 잔액 | T57: 비고
R58: =IF(P58="","",P58-Q58) | S58: =IF(R58="","",L55-R58)
R59: =IF(P59="","",P59-Q59) | S59: =IF(R59="","",S58-R59)
R60: =IF(P60="","",P60-Q60) | S60: =IF(R60="","",S59-R60)
R61: =IF(P61="","",P61-Q61) | S61: =IF(R61="","",S60-R61)
R62: =IF(P62="","",P62-Q62) | S62: =IF(R62="","",S61-R62)
R63: =IF(P63="","",P63-Q63) | S63: =IF(R63="","",S62-R63)
R64: =IF(P64="","",P64-Q64) | S64: =IF(R64="","",S63-R64)
R65: =IF(P65="","",P65-Q65) | S65: =IF(R65="","",S64-R65)
R66: =IF(P66="","",P66-Q66) | S66: =IF(R66="","",S65-R66)
R67: =IF(P67="","",P67-Q67) | S67: =IF(R67="","",S66-R67)
R68: =IF(P68="","",P68-Q68) | S68: =IF(R68="","",S67-R68)
R69: =IF(P69="","",P69-Q69) | S69: =IF(R69="","",S68-R69)
R70: =IF(P70="","",P70-Q70) | S70: =IF(R70="","",S69-R70)
... R77: =IF(P77="","",P77-Q77) | S77: =IF(R77="","",S76-R77)
J79: ='1월'!J79 -> 변동지출 | R79: 변동지출 예산 | S79: =L55-SUM(P58:P77) -> 0
J80: 날짜 | K80: 구분 | L80: 대분류 | M80: 소분류 | N80: 지출 내용 | P80: 결제금액 | Q80: 할인 | R80: 실지출 | S80: 예산 잔액 | T80: 비고
R81: =IF(P81="","",P81-Q81) | S81: =IF(R81="","",S79-R81)
R82: =IF(P82="","",P82-Q82) | S82: =IF(R82="","",S81-R82)
R83: =IF(P83="","",P83-Q83) | S83: =IF(R83="","",S82-R83)
R84: =IF(P84="","",P84-Q84) | S84: =IF(R84="","",S83-R84)
R85: =IF(P85="","",P85-Q85) | S85: =IF(R85="","",S84-R85)
R86: =IF(P86="","",P86-Q86) | S86: =IF(R86="","",S85-R86)
R87: =IF(P87="","",P87-Q87) | S87: =IF(R87="","",S86-R87)
R88: =IF(P88="","",P88-Q88) | S88: =IF(R88="","",S87-R88)
R89: =IF(P89="","",P89-Q89) | S89: =IF(R89="","",S88-R89)
R90: =IF(P90="","",P90-Q90) | S90: =IF(R90="","",S89-R90)
R91: =IF(P91="","",P91-Q91) | S91: =IF(R91="","",S90-R91)
R92: =IF(P92="","",P92-Q92) | S92: =IF(R92="","",S91-R92)
R93: =IF(P93="","",P93-Q93) | S93: =IF(R93="","",S92-R93)
... R145: =IF(P145="","",P145-Q145) | S145: =IF(R145="","",S144-R145)

Sheet 12월
A1: =메인!$R$3 -> 2025 | B1: ◀ 12월 ▶
A2: =메인!$P$11 -> 12
B5: 총 수입 | C5: =SUM($C$32+$C$56) -> 0 | J5: ='1월'!J5 -> 이번달 목표 | P5: 필수지출
B6: 총 지출 | C6: =SUM($K$32+$L$56) -> 0
B7: 차액 | C7: =$C$5-$C$6 -> 0
G8: 무지출 성공 | H8: =COUNTIF(B10:H28,"무지출") -> 0
B9: 변동지출 달력 | J9: 소비성 지출 분석
B10: 일 | C10: 월 | D10: 화 | E10: 수 | F10: 목 | G10: 금 | H10: 토 | J10: 항목 | K10: 지출계 | L10: 예산 | M10: 예산대비 | N10: 전월지출 | O10: 전월대비
B11: =DATE($A$1,$A$2,1)-WEEKDAY(DATE($A$1,$A$2,1))+1 -> 45991 | C11: =B11+1 -> 45992 | D11: =C11+1 -> 45993 | E11: =D11+1 -> 45994 | F11: =E11+1 -> 45995 | G11: =F11+1 -> 45996 | H11: =G11+1 -> 45997 | J11: =항목!N$3 -> 통신비 | K11: =SUMIF($L$58:$L$300,J11,$R$58:$R$300) -> 0 | L11: =VLOOKUP(J11,예산!$B$41:$N$53,13,FALSE) -> 0 | M11: =L11-K11 -> 0 | N11: =VLOOKUP(J11,'11월'!$J$10:$K$23,2,FALSE) -> 0 | O11: =K11-N11 -> 0
B12: =IF(MONTH(B11)<>$A$2,"",IF(AND(SUMIF($J$81:$J$227,B11,$R$81:$R$227)=0,B11<TODAY()),"무지출",SUMIF($J$81:$J$227,B11,$R$81:$R$227))) | C12: =IF(MONTH(C11)<>$A$2,"",IF(AND(SUMIF($J$81:$J$227,C11,$R$81:$R$227)=0,C11<TODAY()),"무지출",SUMIF($J$81:$J$227,C11,$R$81:$R$227))) -> 0 | D12: =IF(MONTH(D11)<>$A$2,"",IF(AND(SUMIF($J$81:$J$227,D11,$R$81:$R$227)=0,D11<TODAY()),"무지출",SUMIF($J$81:$J$227,D11,$R$81:$R$227))) -> 0 | E12: =IF(MONTH(E11)<>$A$2,"",IF(AND(SUMIF($J$81:$J$227,E11,$R$81:$R$227)=0,E11<TODAY()),"무지출",SUMIF($J$81:$J$227,E11,$R$81:$R$227))) -> 0 | F12: =IF(MONTH(F11)<>$A$2,"",IF(AND(SUMIF($J$81:$J$227,F11,$R$81:$R$227)=0,F11<TODAY()),"무지출",SUMIF($J$81:$J$227,F11,$R$81:$R$227))) -> 0 | G12: =IF(MONTH(G11)<>$A$2,"",IF(AND(SUMIF($J$81:$J$227,G11,$R$81:$R$227)=0,G11<TODAY()),"무지출",SUMIF($J$81:$J$227,G11,$R$81:$R$227))) -> 0 | H12: =IF(MONTH(H11)<>$A$2,"",IF(AND(SUMIF($J$81:$J$227,H11,$R$81:$R$227)=0,H11<TODAY()),"무지출",SUMIF($J$81:$J$227,H11,$R$81:$R$227))) -> 0 | J12: =항목!J$3 -> 교육비 | K12: =SUMIF($L$58:$L$300,J12,$R$58:$R$300) -> 0 | L12: =VLOOKUP(J12,예산!$B$41:$N$53,13,FALSE) -> 0 | M12: =L12-K12 -> 0 | N12: =VLOOKUP(J12,'11월'!$J$10:$K$23,2,FALSE) -> 0 | O12: =K12-N12 -> 0
J13: =항목!P$3 -> 용돈 | K13: =SUMIF($L$58:$L$300,J13,$R$58:$R$300) -> 0 | L13: =VLOOKUP(J13,예산!$B$41:$N$53,13,FALSE) -> 0 | M13: =L13-K13 -> 0 | N13: =VLOOKUP(J13,'11월'!$J$10:$K$23,2,FALSE) -> 0 | O13: =K13-N13 -> 0
B14: =B11+7 -> 45998 | C14: =C11+7 -> 45999 | D14: =D11+7 -> 46000 | E14: =E11+7 -> 46001 | F14: =F11+7 -> 46002 | G14: =G11+7 -> 46003 | H14: =H11+7 -> 46004 | J14: =항목!K$3 -> 문화생활비 | K14: =SUMIF($L$58:$L$300,J14,$R$58:$R$300) -> 0 | L14: =VLOOKUP(J14,예산!$B$41:$N$53,13,FALSE) -> 0 | M14: =L14-K14 -> 0 | N14: =VLOOKUP(J14,'11월'!$J$10:$K$23,2,FALSE) -> 0 | O14: =K14-N14 -> 0
B15: =IF(MONTH(B14)<>$A$2,"",IF(AND(SUMIF($J$81:$J$227,B14,$R$81:$R$227)=0,B14<TODAY()),"무지출",SUMIF($J$81:$J$227,B14,$R$81:$R$227))) -> 0 | C15: =IF(MONTH(C14)<>$A$2,"",IF(AND(SUMIF($J$81:$J$227,C14,$R$81:$R$227)=0,C14<TODAY()),"무지출",SUMIF($J$81:$J$227,C14,$R$81:$R$227))) -> 0 | D15: =IF(MONTH(D14)<>$A$2,"",IF(AND(SUMIF($J$81:$J$227,D14,$R$81:$R$227)=0,D14<TODAY()),"무지출",SUMIF($J$81:$J$227,D14,$R$81:$R$227))) -> 0 | E15: =IF(MONTH(E14)<>$A$2,"",IF(AND(SUMIF($J$81:$J$227,E14,$R$81:$R$227)=0,E14<TODAY()),"무지출",SUMIF($J$81:$J$227,E14,$R$81:$R$227))) -> 0 | F15: =IF(MONTH(F14)<>$A$2,"",IF(AND(SUMIF($J$81:$J$227,F14,$R$81:$R$227)=0,F14<TODAY()),"무지출",SUMIF($J$81:$J$227,F14,$R$81:$R$227))) -> 0 | G15: =IF(MONTH(G14)<>$A$2,"",IF(AND(SUMIF($J$81:$J$227,G14,$R$81:$R$227)=0,G14<TODAY()),"무지출",SUMIF($J$81:$J$227,G14,$R$81:$R$227))) -> 0 | H15: =IF(MONTH(H14)<>$A$2,"",IF(AND(SUMIF($J$81:$J$227,H14,$R$81:$R$227)=0,H14<TODAY()),"무지출",SUMIF($J$81:$J$227,H14,$R$81:$R$227))) -> 0 | J15: =항목!M$3 -> 유류교통비 | K15: =SUMIF($L$58:$L$300,J15,$R$58:$R$300) -> 0 | L15: =VLOOKUP(J15,예산!$B$41:$N$53,13,FALSE) -> 0 | M15: =L15-K15 -> 0 | N15: =VLOOKUP(J15,'11월'!$J$10:$K$23,2,FALSE) -> 0 | O15: =K15-N15 -> 0
J16: =항목!O$3 -> 경조사회비 | K16: =SUMIF($L$58:$L$300,J16,$R$58:$R$300) -> 0 | L16: =VLOOKUP(J16,예산!$B$41:$N$53,13,FALSE) -> 0 | M16: =L16-K16 -> 0 | N16: =VLOOKUP(J16,'11월'!$J$10:$K$23,2,FALSE) -> 0 | O16: =K16-N16 -> 0
B17: =B11+14 -> 46005 | C17: =C11+14 -> 46006 | D17: =D11+14 -> 46007 | E17: =E11+14 -> 46008 | F17: =F11+14 -> 46009 | G17: =G11+14 -> 46010 | H17: =H11+14 -> 46011 | J17: =항목!L$3 -> 의료비 | K17: =SUMIF($L$58:$L$300,J17,$R$58:$R$300) -> 0 | L17: =VLOOKUP(J17,예산!$B$41:$N$53,13,FALSE) -> 0 | M17: =L17-K17 -> 0 | N17: =VLOOKUP(J17,'11월'!$J$10:$K$23,2,FALSE) -> 0 | O17: =K17-N17 -> 0
B18: =IF(MONTH(B17)<>$A$2,"",IF(AND(SUMIF($J$81:$J$227,B17,$R$81:$R$227)=0,B17<TODAY()),"무지출",SUMIF($J$81:$J$227,B17,$R$81:$R$227))) -> 0 | C18: =IF(MONTH(C17)<>$A$2,"",IF(AND(SUMIF($J$81:$J$227,C17,$R$81:$R$227)=0,C17<TODAY()),"무지출",SUMIF($J$81:$J$227,C17,$R$81:$R$227))) -> 0 | D18: =IF(MONTH(D17)<>$A$2,"",IF(AND(SUMIF($J$81:$J$227,D17,$R$81:$R$227)=0,D17<TODAY()),"무지출",SUMIF($J$81:$J$227,D17,$R$81:$R$227))) -> 0 | E18: =IF(MONTH(E17)<>$A$2,"",IF(AND(SUMIF($J$81:$J$227,E17,$R$81:$R$227)=0,E17<TODAY()),"무지출",SUMIF($J$81:$J$227,E17,$R$81:$R$227))) -> 0 | F18: =IF(MONTH(F17)<>$A$2,"",IF(AND(SUMIF($J$81:$J$227,F17,$R$81:$R$227)=0,F17<TODAY()),"무지출",SUMIF($J$81:$J$227,F17,$R$81:$R$227))) -> 0 | G18: =IF(MONTH(G17)<>$A$2,"",IF(AND(SUMIF($J$81:$J$227,G17,$R$81:$R$227)=0,G17<TODAY()),"무지출",SUMIF($J$81:$J$227,G17,$R$81:$R$227))) -> 0 | H18: =IF(MONTH(H17)<>$A$2,"",IF(AND(SUMIF($J$81:$J$227,H17,$R$81:$R$227)=0,H17<TODAY()),"무지출",SUMIF($J$81:$J$227,H17,$R$81:$R$227))) -> 0 | J18: =항목!E$3 -> 식비 | K18: =SUMIF($L$58:$L$300,J18,$R$58:$R$300) -> 0 | L18: =VLOOKUP(J18,예산!$B$41:$N$53,13,FALSE) -> 0 | M18: =L18-K18 -> 0 | N18: =VLOOKUP(J18,'11월'!$J$10:$K$23,2,FALSE) -> 0 | O18: =K18-N18 -> 0
J19: =항목!G$3 -> 생활용품비 | K19: =SUMIF($L$58:$L$300,J19,$R$58:$R$300) -> 0 | L19: =VLOOKUP(J19,예산!$B$41:$N$53,13,FALSE) -> 0 | M19: =L19-K19 -> 0 | N19: =VLOOKUP(J19,'11월'!$J$10:$K$23,2,FALSE) -> 0 | O19: =K19-N19 -> 0
B20: =B11+21 -> 46012 | C20: =C11+21 -> 46013 | D20: =D11+21 -> 46014 | E20: =E11+21 -> 46015 | F20: =F11+21 -> 46016 | G20: =G11+21 -> 46017 | H20: =H11+21 -> 46018 | J20: =항목!I$3 -> 의류미용비 | K20: =SUMIF($L$58:$L$300,J20,$R$58:$R$300) -> 0 | L20: =VLOOKUP(J20,예산!$B$41:$N$53,13,FALSE) -> 0 | M20: =L20-K20 -> 0 | N20: =VLOOKUP(J20,'11월'!$J$10:$K$23,2,FALSE) -> 0 | O20: =K20-N20 -> 0
B21: =IF(MONTH(B20)<>$A$2,"",IF(AND(SUMIF($J$81:$J$227,B20,$R$81:$R$227)=0,B20<TODAY()),"무지출",SUMIF($J$81:$J$227,B20,$R$81:$R$227))) -> 0 | C21: =IF(MONTH(C20)<>$A$2,"",IF(AND(SUMIF($J$81:$J$227,C20,$R$81:$R$227)=0,C20<TODAY()),"무지출",SUMIF($J$81:$J$227,C20,$R$81:$R$227))) -> 0 | D21: =IF(MONTH(D20)<>$A$2,"",IF(AND(SUMIF($J$81:$J$227,D20,$R$81:$R$227)=0,D20<TODAY()),"무지출",SUMIF($J$81:$J$227,D20,$R$81:$R$227))) -> 0 | E21: =IF(MONTH(E20)<>$A$2,"",IF(AND(SUMIF($J$81:$J$227,E20,$R$81:$R$227)=0,E20<TODAY()),"무지출",SUMIF($J$81:$J$227,E20,$R$81:$R$227))) -> 0 | F21: =IF(MONTH(F20)<>$A$2,"",IF(AND(SUMIF($J$81:$J$227,F20,$R$81:$R$227)=0,F20<TODAY()),"무지출",SUMIF($J$81:$J$227,F20,$R$81:$R$227))) -> 0 | G21: =IF(MONTH(G20)<>$A$2,"",IF(AND(SUMIF($J$81:$J$227,G20,$R$81:$R$227)=0,G20<TODAY()),"무지출",SUMIF($J$81:$J$227,G20,$R$81:$R$227))) -> 0 | H21: =IF(MONTH(H20)<>$A$2,"",IF(AND(SUMIF($J$81:$J$227,H20,$R$81:$R$227)=0,H20<TODAY()),"무지출",SUMIF($J$81:$J$227,H20,$R$81:$R$227))) -> 0 | J21: =항목!Q$3 -> 추가항목 | K21: =SUMIF($L$58:$L$300,J21,$R$58:$R$300) -> 0 | L21: =VLOOKUP(J21,예산!$B$41:$N$53,13,FALSE) -> 0 | M21: =L21-K21 -> 0 | N21: =VLOOKUP(J21,'11월'!$J$10:$K$23,2,FALSE) -> 0 | O21: =K21-N21 -> 0
J22: =항목!F$3 -> 주거비 | K22: =SUMIF($L$58:$L$300,J22,$R$58:$R$300) -> 0 | L22: =VLOOKUP(J22,예산!$B$41:$N$53,13,FALSE) -> 0 | M22: =L22-K22 -> 0 | N22: =VLOOKUP(J22,'11월'!$J$10:$K$23,2,FALSE) -> 0 | O22: =K22-N22 -> 0
B23: =B11+28 -> 46019 | C23: =C11+28 -> 46020 | D23: =D11+28 -> 46021 | E23: =E11+28 -> 46022 | F23: =F11+28 -> 46023 | G23: =G11+28 -> 46024 | H23: =H11+28 -> 46025 | J23: =항목!H$3 -> 반려동물비 | K23: =SUMIF($L$58:$L$300,J23,$R$58:$R$300) -> 0 | L23: =VLOOKUP(J23,예산!$B$41:$N$53,13,FALSE) -> 0 | M23: =L23-K23 -> 0 | N23: =VLOOKUP(J23,'11월'!$J$10:$K$23,2,FALSE) -> 0 | O23: =K23-N23 -> 0
B24: =IF(MONTH(B23)<>$A$2,"",IF(AND(SUMIF($J$81:$J$227,B23,$R$81:$R$227)=0,B23<TODAY()),"무지출",SUMIF($J$81:$J$227,B23,$R$81:$R$227))) -> 0 | C24: =IF(MONTH(C23)<>$A$2,"",IF(AND(SUMIF($J$81:$J$227,C23,$R$81:$R$227)=0,C23<TODAY()),"무지출",SUMIF($J$81:$J$227,C23,$R$81:$R$227))) -> 0 | D24: =IF(MONTH(D23)<>$A$2,"",IF(AND(SUMIF($J$81:$J$227,D23,$R$81:$R$227)=0,D23<TODAY()),"무지출",SUMIF($J$81:$J$227,D23,$R$81:$R$227))) -> 0 | E24: =IF(MONTH(E23)<>$A$2,"",IF(AND(SUMIF($J$81:$J$227,E23,$R$81:$R$227)=0,E23<TODAY()),"무지출",SUMIF($J$81:$J$227,E23,$R$81:$R$227))) -> 0 | F24: =IF(MONTH(F23)<>$A$2,"",IF(AND(SUMIF($J$81:$J$227,F23,$R$81:$R$227)=0,F23<TODAY()),"무지출",SUMIF($J$81:$J$227,F23,$R$81:$R$227))) | G24: =IF(MONTH(G23)<>$A$2,"",IF(AND(SUMIF($J$81:$J$227,G23,$R$81:$R$227)=0,G23<TODAY()),"무지출",SUMIF($J$81:$J$227,G23,$R$81:$R$227))) | H24: =IF(MONTH(H23)<>$A$2,"",IF(AND(SUMIF($J$81:$J$227,H23,$R$81:$R$227)=0,H23<TODAY()),"무지출",SUMIF($J$81:$J$227,H23,$R$81:$R$227)))
J25: MEMO
B26: =B11+35 -> 46026 | C26: =C11+35 -> 46027 | D26: =D11+35 -> 46028 | E26: =E11+35 -> 46029 | F26: =F11+35 -> 46030 | G26: =G11+35 -> 46031 | H26: =H11+35 -> 46032
B27: =IF(MONTH(B26)<>$A$2,"",IF(AND(SUMIF($J$81:$J$227,B26,$R$81:$R$227)=0,B26<TODAY()),"무지출",SUMIF($J$81:$J$227,B26,$R$81:$R$227))) | C27: =IF(MONTH(C26)<>$A$2,"",IF(AND(SUMIF($J$81:$J$227,C26,$R$81:$R$227)=0,C26<TODAY()),"무지출",SUMIF($J$81:$J$227,C26,$R$81:$R$227))) | D27: =IF(MONTH(D26)<>$A$2,"",IF(AND(SUMIF($J$81:$J$227,D26,$R$81:$R$227)=0,D26<TODAY()),"무지출",SUMIF($J$81:$J$227,D26,$R$81:$R$227))) | E27: =IF(MONTH(E26)<>$A$2,"",IF(AND(SUMIF($J$81:$J$227,E26,$R$81:$R$227)=0,E26<TODAY()),"무지출",SUMIF($J$81:$J$227,E26,$R$81:$R$227))) | F27: =IF(MONTH(F26)<>$A$2,"",IF(AND(SUMIF($J$81:$J$227,F26,$R$81:$R$227)=0,F26<TODAY()),"무지출",SUMIF($J$81:$J$227,F26,$R$81:$R$227))) | G27: =IF(MONTH(G26)<>$A$2,"",IF(AND(SUMIF($J$81:$J$227,G26,$R$81:$R$227)=0,G26<TODAY()),"무지출",SUMIF($J$81:$J$227,G26,$R$81:$R$227))) | H27: =IF(MONTH(H26)<>$A$2,"",IF(AND(SUMIF($J$81:$J$227,H26,$R$81:$R$227)=0,H26<TODAY()),"무지출",SUMIF($J$81:$J$227,H26,$R$81:$R$227)))
B30: 수입 | J30: 지출
B32: ='1월'!B32 -> 고정수입 | C32: =SUM($H$34:$H$53) -> 0 | J32: ='1월'!J32 -> 저축성지출 | K32: =SUM($R$34:$R$53) -> 0
B33: 날짜 | C33: 대분류 | D33: 소분류 | E33: 내용 | H33: 금액 | J33: 날짜 | K33: 구분 | L33: 대분류 | M33: 소분류 | N33: 지출 내용 | P33: 결제금액 | Q33: 할인 | R33: 실지출 | S33: 비고
R34: =IF(P34="","",P34-Q34)
R35: =IF(P35="","",P35-Q35)
R36: =IF(P36="","",P36-Q36)
R37: =IF(P37="","",P37-Q37)
R38: =IF(P38="","",P38-Q38)
R39: =IF(P39="","",P39-Q39)
R40: =IF(P40="","",P40-Q40)
R41: =IF(P41="","",P41-Q41)
R42: =IF(P42="","",P42-Q42)
R43: =IF(P43="","",P43-Q43)
R44: =IF(P44="","",P44-Q44)
R45: =IF(P45="","",P45-Q45)
... R53: =IF(P53="","",P53-Q53)
K55: 총 예산 | L55: =예산!N40 -> 0
B56: ='1월'!B56 -> 부가수입 | C56: =SUM($H$58:$H$145) -> 0 | J56: ='1월'!J56 -> 고정지출 | K56: 실지출 계 | L56: =SUM($R$58:$R$300) -> 0
B57: 날짜 | C57: 대분류 | D57: 소분류 | E57: 내용 | H57: 금액 | J57: 날짜 | K57: 구분 | L57: 대분류 | M57: 소분류 | N57: 지출 내용 | P57: 결제금액 | Q57: 할인 | R57: 실지출 | S57: 예산 잔액 | T57: 비고
R58: =IF(P58="","",P58-Q58) | S58: =IF(R58="","",L55-R58)
R59: =IF(P59="","",P59-Q59) | S59: =IF(R59="","",S58-R59)
R60: =IF(P60="","",P60-Q60) | S60: =IF(R60="","",S59-R60)
R61: =IF(P61="","",P61-Q61) | S61: =IF(R61="","",S60-R61)
R62: =IF(P62="","",P62-Q62) | S62: =IF(R62="","",S61-R62)
R63: =IF(P63="","",P63-Q63) | S63: =IF(R63="","",S62-R63)
R64: =IF(P64="","",P64-Q64) | S64: =IF(R64="","",S63-R64)
R65: =IF(P65="","",P65-Q65) | S65: =IF(R65="","",S64-R65)
R66: =IF(P66="","",P66-Q66) | S66: =IF(R66="","",S65-R66)
R67: =IF(P67="","",P67-Q67) | S67: =IF(R67="","",S66-R67)
R68: =IF(P68="","",P68-Q68) | S68: =IF(R68="","",S67-R68)
R69: =IF(P69="","",P69-Q69) | S69: =IF(R69="","",S68-R69)
R70: =IF(P70="","",P70-Q70) | S70: =IF(R70="","",S69-R70)
... R77: =IF(P77="","",P77-Q77) | S77: =IF(R77="","",S76-R77)
J79: ='1월'!J79 -> 변동지출 | R79: 변동지출 예산 | S79: =L55-SUM(P58:P77) -> 0
J80: 날짜 | K80: 구분 | L80: 대분류 | M80: 소분류 | N80: 지출 내용 | P80: 결제금액 | Q80: 할인 | R80: 실지출 | S80: 예산 잔액 | T80: 비고
R81: =IF(P81="","",P81-Q81) | S81: =IF(R81="","",S79-R81)
R82: =IF(P82="","",P82-Q82) | S82: =IF(R82="","",S81-R82)
R83: =IF(P83="","",P83-Q83) | S83: =IF(R83="","",S82-R83)
R84: =IF(P84="","",P84-Q84) | S84: =IF(R84="","",S83-R84)
R85: =IF(P85="","",P85-Q85) | S85: =IF(R85="","",S84-R85)
R86: =IF(P86="","",P86-Q86) | S86: =IF(R86="","",S85-R86)
R87: =IF(P87="","",P87-Q87) | S87: =IF(R87="","",S86-R87)
R88: =IF(P88="","",P88-Q88) | S88: =IF(R88="","",S87-R88)
R89: =IF(P89="","",P89-Q89) | S89: =IF(R89="","",S88-R89)
R90: =IF(P90="","",P90-Q90) | S90: =IF(R90="","",S89-R90)
R91: =IF(P91="","",P91-Q91) | S91: =IF(R91="","",S90-R91)
R92: =IF(P92="","",P92-Q92) | S92: =IF(R92="","",S91-R92)
R93: =IF(P93="","",P93-Q93) | S93: =IF(R93="","",S92-R93)
... R145: =IF(P145="","",P145-Q145) | S145: =IF(R145="","",S144-R145)

Sheet 예산
B1: ◀ 예산
C3: 1월 | D3: 2월 | E3: 3월 | F3: 4월 | G3: 5월 | H3: 6월 | I3: 7월 | J3: 8월 | K3: 9월 | L3: 10월 | M3: 11월 | N3: 12월 | O3: 계 | P3: 평균
B4: 수입 총계 | C4: =SUM(C5:C18) -> 3650000 | D4: =SUM(D5:D18) -> 0 | E4: =SUM(E5:E18) -> 0 | F4: =SUM(F5:F18) -> 0 | G4: =SUM(G5:G18) -> 0 | H4: =SUM(H5:H18) -> 0 | I4: =SUM(I5:I18) -> 0 | J4: =SUM(J5:J18) -> 0 | ... N4: =SUM(N5:N18) -> 0 | O4: =SUM(C4:N4) -> 3650000 | P4: =O4/12 -> 304166.67
B5: =IF(항목!C5="","",항목!C5) -> 급여 | C5: 3500000 | O5: =SUM(C5:N5) -> 3500000 | P5: =O5/12 -> 291666.67
B6: =IF(항목!C6="","",항목!C6) -> 수당 | C6: 0 | O6: =SUM(C6:N6) -> 0 | P6: =O6/12 -> 0
B7: =IF(항목!C7="","",항목!C7) -> 상여 | C7: 0 | O7: =SUM(C7:N7) -> 0 | P7: =O7/12 -> 0
B8: =IF(항목!C8="","",항목!C8) -> 투자수익 | C8: 50000 | O8: =SUM(C8:N8) -> 50000 | P8: =O8/12 -> 4166.6667
B9: =IF(항목!C9="","",항목!C9) -> 이자 | C9: 0 | O9: =SUM(C9:N9) -> 0 | P9: =O9/12 -> 0
B10: =IF(항목!C10="","",항목!C10) -> 부수익 | C10: 100000 | O10: =SUM(C10:N10) -> 100000 | P10: =O10/12 -> 8333.3333
B11: =IF(항목!C11="","",항목!C11) -> 처분소득 | C11: 0 | O11: =SUM(C11:N11) -> 0 | P11: =O11/12 -> 0
B12: =IF(항목!C12="","",항목!C12) -> 기타 수입 | C12: 0 | O12: =SUM(C12:N12) -> 0 | P12: =O12/12 -> 0
B13: =IF(항목!C13="","",항목!C13) | O13: =SUM(C13:N13) -> 0 | P13: =O13/12 -> 0
B14: =IF(항목!C14="","",항목!C14) | O14: =SUM(C14:N14) -> 0 | P14: =O14/12 -> 0
B15: =IF(항목!C15="","",항목!C15) | O15: =SUM(C15:N15) -> 0 | P15: =O15/12 -> 0
B16: =IF(항목!C16="","",항목!C16) | O16: =SUM(C16:N16) -> 0 | P16: =O16/12 -> 0
B17: =IF(항목!C17="","",항목!C17) | O17: =SUM(C17:N17) -> 0 | P17: =O17/12 -> 0
B18: =IF(항목!C18="","",항목!C18)
B19: =항목!D3 -> 저축성지출 | C19: =SUM(C20:C39) -> 1850000 | D19: =SUM(D20:D39) -> 0 | E19: =SUM(E20:E39) -> 0 | F19: =SUM(F20:F39) -> 0 | G19: =SUM(G20:G39) -> 0 | H19: =SUM(H20:H39) -> 0 | I19: =SUM(I20:I39) -> 0 | J19: =SUM(J20:J39) -> 0 | ... N19: =SUM(N20:N39) -> 0 | O19: =SUM(C19:N19) -> 1850000 | P19: =O19/12 -> 154166.67
B20: 00적금 | C20: 500000 | O20: =SUM(C20:N20) -> 500000 | P20: =O20/12 -> 41666.667
B21: 00연금 | C21: 250000 | O21: =SUM(C21:N21) -> 250000 | P21: =O21/12 -> 20833.333
B22: 주택청약 | C22: 100000 | O22: =SUM(C22:N22) -> 100000 | P22: =O22/12 -> 8333.3333
B23: 비상금 | C23: 1000000 | O23: =SUM(C23:N23) -> 1000000 | P23: =O23/12 -> 83333.333
O24: =SUM(C24:N24) -> 0 | P24: =O24/12 -> 0
O25: =SUM(C25:N25) -> 0 | P25: =O25/12 -> 0
O26: =SUM(C26:N26) -> 0 | P26: =O26/12 -> 0
O27: =SUM(C27:N27) -> 0 | P27: =O27/12 -> 0
O28: =SUM(C28:N28) -> 0 | P28: =O28/12 -> 0
O29: =SUM(C29:N29) -> 0 | P29: =O29/12 -> 0
O30: =SUM(C30:N30) -> 0 | P30: =O30/12 -> 0
O31: =SUM(C31:N31) -> 0 | P31: =O31/12 -> 0
O32: =SUM(C32:N32) -> 0 | P32: =O32/12 -> 0
O33: =SUM(C33:N33) -> 0 | P33: =O33/12 -> 0
O34: =SUM(C34:N34) -> 0 | P34: =O34/12 -> 0
O35: =SUM(C35:N35) -> 0 | P35: =O35/12 -> 0
... O39: =SUM(C39:N39) -> 0 | P39: =O39/12 -> 0
B40: 소비성지출 | C40: =SUM(C41:C53) -> 1062000 | D40: =SUM(D41:D53) -> 0 | E40: =SUM(E41:E53) -> 0 | F40: =SUM(F41:F53) -> 0 | G40: =SUM(G41:G53) -> 0 | H40: =SUM(H41:H53) -> 0 | I40: =SUM(I41:I53) -> 0 | J40: =SUM(J41:J53) -> 0 | ... N40: =SUM(N41:N53) -> 0 | O40: =SUM(C40:N40) -> 1062000 | P40: =O40/12 -> 88500
B41: =항목!E3 -> 식비 | C41: 50000 | O41: =SUM(C41:N41) -> 50000 | P41: =O41/12 -> 4166.6667
B42: =항목!F3 -> 주거비 | C42: 200000 | O42: =SUM(C42:N42) -> 200000 | P42: =O42/12 -> 16666.667
B43: =항목!G3 -> 생활용품비 | C43: 30000 | O43: =SUM(C43:N43) -> 30000 | P43: =O43/12 -> 2500
B44: =항목!H3 -> 반려동물비 | C44: 10000 | O44: =SUM(C44:N44) -> 10000 | P44: =O44/12 -> 833.33333
B45: =항목!I3 -> 의류미용비 | C45: 10000 | O45: =SUM(C45:N45) -> 10000 | P45: =O45/12 -> 833.33333
B46: =항목!J3 -> 교육비 | C46: 500000 | O46: =SUM(C46:N46) -> 500000 | P46: =O46/12 -> 41666.667
B47: =항목!K3 -> 문화생활비 | C47: 0 | O47: =SUM(C47:N47) -> 0 | P47: =O47/12 -> 0
B48: =항목!L3 -> 의료비 | C48: 12000 | O48: =SUM(C48:N48) -> 12000 | P48: =O48/12 -> 1000
B49: =항목!M3 -> 유류교통비 | C49: 100000 | O49: =SUM(C49:N49) -> 100000 | P49: =O49/12 -> 8333.3333
B50: =항목!N3 -> 통신비 | C50: 50000 | O50: =SUM(C50:N50) -> 50000 | P50: =O50/12 -> 4166.6667
B51: =항목!O3 -> 경조사회비 | C51: 50000 | O51: =SUM(C51:N51) -> 50000 | P51: =O51/12 -> 4166.6667
B52: =항목!P3 -> 용돈 | C52: 50000 | O52: =SUM(C52:N52) -> 50000 | P52: =O52/12 -> 4166.6667
B53: =항목!Q3 -> 추가항목 | C53: 0 | O53: =SUM(C53:N53) -> 0 | P53: =O53/12 -> 0
B54: 지출 총계 | C54: =C19+C40 -> 2912000 | D54: =D19+D40 -> 0 | E54: =E19+E40 -> 0 | F54: =F19+F40 -> 0 | G54: =G19+G40 -> 0 | H54: =H19+H40 -> 0 | I54: =I19+I40 -> 0 | J54: =J19+J40 -> 0 | ... N54: =N19+N40 -> 0 | O54: =SUM(C54:N54) -> 2912000 | P54: =O54/12 -> 242666.67
B55: 수입 지출 차액 | C55: =C4-C54 -> 738000 | D55: =D4-D54 -> 0 | E55: =E4-E54 -> 0 | F55: =F4-F54 -> 0 | G55: =G4-G54 -> 0 | H55: =H4-H54 -> 0 | I55: =I4-I54 -> 0 | J55: =J4-J54 -> 0 | ... N55: =N4-N54 -> 0

Sheet 결산
B1: ◀ 결산
C3: 1월 | D3: 2월 | E3: 3월 | F3: 4월 | G3: 5월 | H3: 6월 | I3: 7월 | J3: 8월 | K3: 9월 | L3: 10월 | M3: 11월 | N3: 12월 | O3: 계 | P3: 평균
B4: 수입 | C4: =연간_항목별수입!C20-예산!C4 -> -135000 | D4: =연간_항목별수입!D20-예산!D4 -> 0 | E4: =연간_항목별수입!E20-예산!E4 -> 0 | F4: =연간_항목별수입!F20-예산!F4 -> 0 | G4: =연간_항목별수입!G20-예산!G4 -> 0 | H4: =연간_항목별수입!H20-예산!H4 -> 0 | I4: =연간_항목별수입!I20-예산!I4 -> 0 | J4: =연간_항목별수입!J20-예산!J4 -> 0 | ... N4: =연간_항목별수입!N20-예산!N4 -> 0 | O4: =SUM(C4:N4) -> -135000 | P4: =O4/12 -> -11250
B5: =항목!D3 -> 저축성지출 | C5: =연간_항목별지출!C4-예산!C19 -> 500000 | D5: =연간_항목별지출!D4-예산!D19 -> 0 | E5: =연간_항목별지출!E4-예산!E19 -> 0 | F5: =연간_항목별지출!F4-예산!F19 -> 0 | G5: =연간_항목별지출!G4-예산!G19 -> 0 | H5: =연간_항목별지출!H4-예산!H19 -> 0 | I5: =연간_항목별지출!I4-예산!I19 -> 0 | J5: =연간_항목별지출!J4-예산!J19 -> 0 | ... N5: =연간_항목별지출!N4-예산!N19 -> 0 | O5: =SUM(C5:N5) -> 500000 | P5: =O5/12 -> 41666.667
B6: 소비성지출 | C6: =예산!C40-연간_항목별지출!C5 -> 116900 | D6: =예산!D40-연간_항목별지출!D5 -> 0 | E6: =예산!E40-연간_항목별지출!E5 -> 0 | F6: =예산!F40-연간_항목별지출!F5 -> 0 | G6: =예산!G40-연간_항목별지출!G5 -> 0 | H6: =예산!H40-연간_항목별지출!H5 -> 0 | I6: =예산!I40-연간_항목별지출!I5 -> 0 | J6: =예산!J40-연간_항목별지출!J5 -> 0 | ... N6: =예산!N40-연간_항목별지출!N5 -> 0 | O6: =SUM(C6:N6) -> 116900 | P6: =O6/12 -> 9741.6667
B7: =항목!E3 -> 식비 | C7: =예산!C41-연간_항목별지출!C6 -> -3100 | D7: =예산!D41-연간_항목별지출!D6 -> 0 | E7: =예산!E41-연간_항목별지출!E6 -> 0 | F7: =예산!F41-연간_항목별지출!F6 -> 0 | G7: =예산!G41-연간_항목별지출!G6 -> 0 | H7: =예산!H41-연간_항목별지출!H6 -> 0 | I7: =예산!I41-연간_항목별지출!I6 -> 0 | J7: =예산!J41-연간_항목별지출!J6 -> 0 | ... N7: =예산!N41-연간_항목별지출!N6 -> 0 | O7: =SUM(C7:N7) -> -3100 | P7: =O7/12 -> -258.33333
B8: =항목!F3 -> 주거비 | C8: =예산!C42-연간_항목별지출!C7 -> 0 | D8: =예산!D42-연간_항목별지출!D7 -> 0 | E8: =예산!E42-연간_항목별지출!E7 -> 0 | F8: =예산!F42-연간_항목별지출!F7 -> 0 | G8: =예산!G42-연간_항목별지출!G7 -> 0 | H8: =예산!H42-연간_항목별지출!H7 -> 0 | I8: =예산!I42-연간_항목별지출!I7 -> 0 | J8: =예산!J42-연간_항목별지출!J7 -> 0 | ... N8: =예산!N42-연간_항목별지출!N7 -> 0 | O8: =SUM(C8:N8) -> 0 | P8: =O8/12 -> 0
B9: =항목!G3 -> 생활용품비 | C9: =예산!C43-연간_항목별지출!C8 -> 30000 | D9: =예산!D43-연간_항목별지출!D8 -> 0 | E9: =예산!E43-연간_항목별지출!E8 -> 0 | F9: =예산!F43-연간_항목별지출!F8 -> 0 | G9: =예산!G43-연간_항목별지출!G8 -> 0 | H9: =예산!H43-연간_항목별지출!H8 -> 0 | I9: =예산!I43-연간_항목별지출!I8 -> 0 | J9: =예산!J43-연간_항목별지출!J8 -> 0 | ... N9: =예산!N43-연간_항목별지출!N8 -> 0 | O9: =SUM(C9:N9) -> 30000 | P9: =O9/12 -> 2500
B10: =항목!H3 -> 반려동물비 | C10: =예산!C44-연간_항목별지출!C9 -> 10000 | D10: =예산!D44-연간_항목별지출!D9 -> 0 | E10: =예산!E44-연간_항목별지출!E9 -> 0 | F10: =예산!F44-연간_항목별지출!F9 -> 0 | G10: =예산!G44-연간_항목별지출!G9 -> 0 | H10: =예산!H44-연간_항목별지출!H9 -> 0 | I10: =예산!I44-연간_항목별지출!I9 -> 0 | J10: =예산!J44-연간_항목별지출!J9 -> 0 | ... N10: =예산!N44-연간_항목별지출!N9 -> 0 | O10: =SUM(C10:N10) -> 10000 | P10: =O10/12 -> 833.33333
B11: =항목!I3 -> 의류미용비 | C11: =예산!C45-연간_항목별지출!C10 -> 10000 | D11: =예산!D45-연간_항목별지출!D10 -> 0 | E11: =예산!E45-연간_항목별지출!E10 -> 0 | F11: =예산!F45-연간_항목별지출!F10 -> 0 | G11: =예산!G45-연간_항목별지출!G10 -> 0 | H11: =예산!H45-연간_항목별지출!H10 -> 0 | I11: =예산!I45-연간_항목별지출!I10 -> 0 | J11: =예산!J45-연간_항목별지출!J10 -> 0 | ... N11: =예산!N45-연간_항목별지출!N10 -> 0 | O11: =SUM(C11:N11) -> 10000 | P11: =O11/12 -> 833.33333
B12: =항목!J3 -> 교육비 | C12: =예산!C46-연간_항목별지출!C11 -> 0 | D12: =예산!D46-연간_항목별지출!D11 -> 0 | E12: =예산!E46-연간_항목별지출!E11 -> 0 | F12: =예산!F46-연간_항목별지출!F11 -> 0 | G12: =예산!G46-연간_항목별지출!G11 -> 0 | H12: =예산!H46-연간_항목별지출!H11 -> 0 | I12: =예산!I46-연간_항목별지출!I11 -> 0 | J12: =예산!J46-연간_항목별지출!J11 -> 0 | ... N12: =예산!N46-연간_항목별지출!N11 -> 0 | O12: =SUM(C12:N12) -> 0 | P12: =O12/12 -> 0
B13: =항목!K3 -> 문화생활비 | C13: =예산!C47-연간_항목별지출!C12 -> -10000 | D13: =예산!D47-연간_항목별지출!D12 -> 0 | E13: =예산!E47-연간_항목별지출!E12 -> 0 | F13: =예산!F47-연간_항목별지출!F12 -> 0 | G13: =예산!G47-연간_항목별지출!G12 -> 0 | H13: =예산!H47-연간_항목별지출!H12 -> 0 | I13: =예산!I47-연간_항목별지출!I12 -> 0 | J13: =예산!J47-연간_항목별지출!J12 -> 0 | ... N13: =예산!N47-연간_항목별지출!N12 -> 0 | O13: =SUM(C13:N13) -> -10000 | P13: =O13/12 -> -833.33333
B14: =항목!L3 -> 의료비 | C14: =예산!C48-연간_항목별지출!C13 -> 0 | D14: =예산!D48-연간_항목별지출!D13 -> 0 | E14: =예산!E48-연간_항목별지출!E13 -> 0 | F14: =예산!F48-연간_항목별지출!F13 -> 0 | G14: =예산!G48-연간_항목별지출!G13 -> 0 | H14: =예산!H48-연간_항목별지출!H13 -> 0 | I14: =예산!I48-연간_항목별지출!I13 -> 0 | J14: =예산!J48-연간_항목별지출!J13 -> 0 | ... N14: =예산!N48-연간_항목별지출!N13 -> 0 | O14: =SUM(C14:N14) -> 0 | P14: =O14/12 -> 0
B15: =항목!M3 -> 유류교통비 | C15: =예산!C49-연간_항목별지출!C14 -> 100000 | D15: =예산!D49-연간_항목별지출!D14 -> 0 | E15: =예산!E49-연간_항목별지출!E14 -> 0 | F15: =예산!F49-연간_항목별지출!F14 -> 0 | G15: =예산!G49-연간_항목별지출!G14 -> 0 | H15: =예산!H49-연간_항목별지출!H14 -> 0 | I15: =예산!I49-연간_항목별지출!I14 -> 0 | J15: =예산!J49-연간_항목별지출!J14 -> 0 | ... N15: =예산!N49-연간_항목별지출!N14 -> 0 | O15: =SUM(C15:N15) -> 100000 | P15: =O15/12 -> 8333.3333
B16: =항목!N3 -> 통신비 | C16: =예산!C50-연간_항목별지출!C15 -> 30000 | D16: =예산!D50-연간_항목별지출!D15 -> 0 | E16: =예산!E50-연간_항목별지출!E15 -> 0 | F16: =예산!F50-연간_항목별지출!F15 -> 0 | G16: =예산!G50-연간_항목별지출!G15 -> 0 | H16: =예산!H50-연간_항목별지출!H15 -> 0 | I16: =예산!I50-연간_항목별지출!I15 -> 0 | J16: =예산!J50-연간_항목별지출!J15 -> 0 | ... N16: =예산!N50-연간_항목별지출!N15 -> 0 | O16: =SUM(C16:N16) -> 30000 | P16: =O16/12 -> 2500
B17: =항목!O3 -> 경조사회비 | C17: =예산!C51-연간_항목별지출!C16 -> -100000 | D17: =예산!D51-연간_항목별지출!D16 -> 0 | E17: =예산!E51-연간_항목별지출!E16 -> 0 | F17: =예산!F51-연간_항목별지출!F16 -> 0 | G17: =예산!G51-연간_항목별지출!G16 -> 0 | H17: =예산!H51-연간_항목별지출!H16 -> 0 | I17: =예산!I51-연간_항목별지출!I16 -> 0 | J17: =예산!J51-연간_항목별지출!J16 -> 0 | ... N17: =예산!N51-연간_항목별지출!N16 -> 0 | O17: =SUM(C17:N17) -> -100000 | P17: =O17/12 -> -8333.3333
B18: =항목!P3 -> 용돈 | C18: =예산!C52-연간_항목별지출!C17 -> 50000 | D18: =예산!D52-연간_항목별지출!D17 -> 0 | E18: =예산!E52-연간_항목별지출!E17 -> 0 | F18: =예산!F52-연간_항목별지출!F17 -> 0 | G18: =예산!G52-연간_항목별지출!G17 -> 0 | H18: =예산!H52-연간_항목별지출!H17 -> 0 | I18: =예산!I52-연간_항목별지출!I17 -> 0 | J18: =예산!J52-연간_항목별지출!J17 -> 0 | ... N18: =예산!N52-연간_항목별지출!N17 -> 0 | O18: =SUM(C18:N18) -> 50000 | P18: =O18/12 -> 4166.6667
B19: =항목!Q3 -> 추가항목 | C19: =예산!C53-연간_항목별지출!C18 -> 0 | D19: =예산!D53-연간_항목별지출!D18 -> 0 | E19: =예산!E53-연간_항목별지출!E18 -> 0 | F19: =예산!F53-연간_항목별지출!F18 -> 0 | G19: =예산!G53-연간_항목별지출!G18 -> 0 | H19: =예산!H53-연간_항목별지출!H18 -> 0 | I19: =예산!I53-연간_항목별지출!I18 -> 0 | J19: =예산!J53-연간_항목별지출!J18 -> 0 | ... N19: =예산!N53-연간_항목별지출!N18 -> 0 | O19: =SUM(C19:N19) -> 0 | P19: =O19/12 -> 0
B20: 총계 | C20: =C4+C6 -> -18100 | D20: =D4+D6 -> 0 | E20: =E4+E6 -> 0 | F20: =F4+F6 -> 0 | G20: =G4+G6 -> 0 | H20: =H4+H6 -> 0 | I20: =I4+I6 -> 0 | J20: =J4+J6 -> 0 | ... N20: =N4+N6 -> 0 | O20: =SUM(C20:N20) -> -18100 | P20: =O20/12 -> -1508.3333

Sheet 연간_항목별수입
B1: ◀ 연간 항목별 수입
C3: 1월 | D3: 2월 | E3: 3월 | F3: 4월 | G3: 5월 | H3: 6월 | I3: 7월 | J3: 8월 | K3: 9월 | L3: 10월 | M3: 11월 | N3: 12월 | O3: 계 | P3: 평균
B4: =IF(항목!C5="","",항목!C5) -> 급여 | C4: =SUMIF('1월'!$D$34:$D$145,연간_항목별수입!$B4,'1월'!$H$34:$H$145) -> 3500000 | D4: =SUMIF('2월'!$D$34:$D$145,연간_항목별수입!$B4,'2월'!$H$34:$H$145) -> 0 | E4: =SUMIF('3월'!$D$34:$D$145,연간_항목별수입!$B4,'3월'!$H$34:$H$145) -> 0 | F4: =SUMIF('4월'!$D$34:$D$145,연간_항목별수입!$B4,'4월'!$H$34:$H$145) -> 0 | G4: =SUMIF('5월'!$D$34:$D$145,연간_항목별수입!$B4,'5월'!$H$34:$H$145) -> 0 | H4: =SUMIF('6월'!$D$34:$D$145,연간_항목별수입!$B4,'6월'!$H$34:$H$145) -> 0 | I4: =SUMIF('7월'!$D$34:$D$145,연간_항목별수입!$B4,'7월'!$H$34:$H$145) -> 0 | J4: =SUMIF('8월'!$D$34:$D$145,연간_항목별수입!$B4,'8월'!$H$34:$H$145) -> 0 | K4: =SUMIF('9월'!$D$34:$D$145,연간_항목별수입!$B4,'9월'!$H$34:$H$145) -> 0 | L4: =SUMIF('10월'!$D$34:$D$145,연간_항목별수입!$B4,'10월'!$H$34:$H$145) -> 0 | M4: =SUMIF('11월'!$D$34:$D$145,연간_항목별수입!$B4,'11월'!$H$34:$H$145) -> 0 | N4: =SUMIF('12월'!$D$34:$D$145,연간_항목별수입!$B4,'12월'!$H$34:$H$145) -> 0 | O4: =SUM(C4:N4) -> 3500000 | P4: =O4/12 -> 291666.67
B5: =IF(항목!C6="","",항목!C6) -> 수당 | C5: =SUMIF('1월'!$D$34:$D$145,연간_항목별수입!$B5,'1월'!$H$34:$H$145) -> 0 | D5: =SUMIF('2월'!$D$34:$D$145,연간_항목별수입!$B5,'2월'!$H$34:$H$145) -> 0 | E5: =SUMIF('3월'!$D$34:$D$145,연간_항목별수입!$B5,'3월'!$H$34:$H$145) -> 0 | F5: =SUMIF('4월'!$D$34:$D$145,연간_항목별수입!$B5,'4월'!$H$34:$H$145) -> 0 | G5: =SUMIF('5월'!$D$34:$D$145,연간_항목별수입!$B5,'5월'!$H$34:$H$145) -> 0 | H5: =SUMIF('6월'!$D$34:$D$145,연간_항목별수입!$B5,'6월'!$H$34:$H$145) -> 0 | I5: =SUMIF('7월'!$D$34:$D$145,연간_항목별수입!$B5,'7월'!$H$34:$H$145) -> 0 | J5: =SUMIF('8월'!$D$34:$D$145,연간_항목별수입!$B5,'8월'!$H$34:$H$145) -> 0 | K5: =SUMIF('9월'!$D$34:$D$145,연간_항목별수입!$B5,'9월'!$H$34:$H$145) -> 0 | L5: =SUMIF('10월'!$D$34:$D$145,연간_항목별수입!$B5,'10월'!$H$34:$H$145) -> 0 | M5: =SUMIF('11월'!$D$34:$D$145,연간_항목별수입!$B5,'11월'!$H$34:$H$145) -> 0 | N5: =SUMIF('12월'!$D$34:$D$145,연간_항목별수입!$B5,'12월'!$H$34:$H$145) -> 0 | O5: =SUM(C5:N5) -> 0 | P5: =O5/12 -> 0
B6: =IF(항목!C7="","",항목!C7) -> 상여 | C6: =SUMIF('1월'!$D$34:$D$145,연간_항목별수입!$B6,'1월'!$H$34:$H$145) -> 0 | D6: =SUMIF('2월'!$D$34:$D$145,연간_항목별수입!$B6,'2월'!$H$34:$H$145) -> 0 | E6: =SUMIF('3월'!$D$34:$D$145,연간_항목별수입!$B6,'3월'!$H$34:$H$145) -> 0 | F6: =SUMIF('4월'!$D$34:$D$145,연간_항목별수입!$B6,'4월'!$H$34:$H$145) -> 0 | G6: =SUMIF('5월'!$D$34:$D$145,연간_항목별수입!$B6,'5월'!$H$34:$H$145) -> 0 | H6: =SUMIF('6월'!$D$34:$D$145,연간_항목별수입!$B6,'6월'!$H$34:$H$145) -> 0 | I6: =SUMIF('7월'!$D$34:$D$145,연간_항목별수입!$B6,'7월'!$H$34:$H$145) -> 0 | J6: =SUMIF('8월'!$D$34:$D$145,연간_항목별수입!$B6,'8월'!$H$34:$H$145) -> 0 | K6: =SUMIF('9월'!$D$34:$D$145,연간_항목별수입!$B6,'9월'!$H$34:$H$145) -> 0 | L6: =SUMIF('10월'!$D$34:$D$145,연간_항목별수입!$B6,'10월'!$H$34:$H$145) -> 0 | M6: =SUMIF('11월'!$D$34:$D$145,연간_항목별수입!$B6,'11월'!$H$34:$H$145) -> 0 | N6: =SUMIF('12월'!$D$34:$D$145,연간_항목별수입!$B6,'12월'!$H$34:$H$145) -> 0 | O6: =SUM(C6:N6) -> 0 | P6: =O6/12 -> 0
B7: =IF(항목!C8="","",항목!C8) -> 투자수익 | C7: =SUMIF('1월'!$D$34:$D$145,연간_항목별수입!$B7,'1월'!$H$34:$H$145) -> 0 | D7: =SUMIF('2월'!$D$34:$D$145,연간_항목별수입!$B7,'2월'!$H$34:$H$145) -> 0 | E7: =SUMIF('3월'!$D$34:$D$145,연간_항목별수입!$B7,'3월'!$H$34:$H$145) -> 0 | F7: =SUMIF('4월'!$D$34:$D$145,연간_항목별수입!$B7,'4월'!$H$34:$H$145) -> 0 | G7: =SUMIF('5월'!$D$34:$D$145,연간_항목별수입!$B7,'5월'!$H$34:$H$145) -> 0 | H7: =SUMIF('6월'!$D$34:$D$145,연간_항목별수입!$B7,'6월'!$H$34:$H$145) -> 0 | I7: =SUMIF('7월'!$D$34:$D$145,연간_항목별수입!$B7,'7월'!$H$34:$H$145) -> 0 | J7: =SUMIF('8월'!$D$34:$D$145,연간_항목별수입!$B7,'8월'!$H$34:$H$145) -> 0 | K7: =SUMIF('9월'!$D$34:$D$145,연간_항목별수입!$B7,'9월'!$H$34:$H$145) -> 0 | L7: =SUMIF('10월'!$D$34:$D$145,연간_항목별수입!$B7,'10월'!$H$34:$H$145) -> 0 | M7: =SUMIF('11월'!$D$34:$D$145,연간_항목별수입!$B7,'11월'!$H$34:$H$145) -> 0 | N7: =SUMIF('12월'!$D$34:$D$145,연간_항목별수입!$B7,'12월'!$H$34:$H$145) -> 0 | O7: =SUM(C7:N7) -> 0 | P7: =O7/12 -> 0
B8: =IF(항목!C9="","",항목!C9) -> 이자 | C8: =SUMIF('1월'!$D$34:$D$145,연간_항목별수입!$B8,'1월'!$H$34:$H$145) -> 0 | D8: =SUMIF('2월'!$D$34:$D$145,연간_항목별수입!$B8,'2월'!$H$34:$H$145) -> 0 | E8: =SUMIF('3월'!$D$34:$D$145,연간_항목별수입!$B8,'3월'!$H$34:$H$145) -> 0 | F8: =SUMIF('4월'!$D$34:$D$145,연간_항목별수입!$B8,'4월'!$H$34:$H$145) -> 0 | G8: =SUMIF('5월'!$D$34:$D$145,연간_항목별수입!$B8,'5월'!$H$34:$H$145) -> 0 | H8: =SUMIF('6월'!$D$34:$D$145,연간_항목별수입!$B8,'6월'!$H$34:$H$145) -> 0 | I8: =SUMIF('7월'!$D$34:$D$145,연간_항목별수입!$B8,'7월'!$H$34:$H$145) -> 0 | J8: =SUMIF('8월'!$D$34:$D$145,연간_항목별수입!$B8,'8월'!$H$34:$H$145) -> 0 | K8: =SUMIF('9월'!$D$34:$D$145,연간_항목별수입!$B8,'9월'!$H$34:$H$145) -> 0 | L8: =SUMIF('10월'!$D$34:$D$145,연간_항목별수입!$B8,'10월'!$H$34:$H$145) -> 0 | M8: =SUMIF('11월'!$D$34:$D$145,연간_항목별수입!$B8,'11월'!$H$34:$H$145) -> 0 | N8: =SUMIF('12월'!$D$34:$D$145,연간_항목별수입!$B8,'12월'!$H$34:$H$145) -> 0 | O8: =SUM(C8:N8) -> 0 | P8: =O8/12 -> 0
B9: =IF(항목!C10="","",항목!C10) -> 부수익 | C9: =SUMIF('1월'!$D$34:$D$145,연간_항목별수입!$B9,'1월'!$H$34:$H$145) -> 5000 | D9: =SUMIF('2월'!$D$34:$D$145,연간_항목별수입!$B9,'2월'!$H$34:$H$145) -> 0 | E9: =SUMIF('3월'!$D$34:$D$145,연간_항목별수입!$B9,'3월'!$H$34:$H$145) -> 0 | F9: =SUMIF('4월'!$D$34:$D$145,연간_항목별수입!$B9,'4월'!$H$34:$H$145) -> 0 | G9: =SUMIF('5월'!$D$34:$D$145,연간_항목별수입!$B9,'5월'!$H$34:$H$145) -> 0 | H9: =SUMIF('6월'!$D$34:$D$145,연간_항목별수입!$B9,'6월'!$H$34:$H$145) -> 0 | I9: =SUMIF('7월'!$D$34:$D$145,연간_항목별수입!$B9,'7월'!$H$34:$H$145) -> 0 | J9: =SUMIF('8월'!$D$34:$D$145,연간_항목별수입!$B9,'8월'!$H$34:$H$145) -> 0 | K9: =SUMIF('9월'!$D$34:$D$145,연간_항목별수입!$B9,'9월'!$H$34:$H$145) -> 0 | L9: =SUMIF('10월'!$D$34:$D$145,연간_항목별수입!$B9,'10월'!$H$34:$H$145) -> 0 | M9: =SUMIF('11월'!$D$34:$D$145,연간_항목별수입!$B9,'11월'!$H$34:$H$145) -> 0 | N9: =SUMIF('12월'!$D$34:$D$145,연간_항목별수입!$B9,'12월'!$H$34:$H$145) -> 0 | O9: =SUM(C9:N9) -> 5000 | P9: =O9/12 -> 416.66667
B10: =IF(항목!C11="","",항목!C11) -> 처분소득 | C10: =SUMIF('1월'!$D$34:$D$145,연간_항목별수입!$B10,'1월'!$H$34:$H$145) -> 10000 | D10: =SUMIF('2월'!$D$34:$D$145,연간_항목별수입!$B10,'2월'!$H$34:$H$145) -> 0 | E10: =SUMIF('3월'!$D$34:$D$145,연간_항목별수입!$B10,'3월'!$H$34:$H$145) -> 0 | F10: =SUMIF('4월'!$D$34:$D$145,연간_항목별수입!$B10,'4월'!$H$34:$H$145) -> 0 | G10: =SUMIF('5월'!$D$34:$D$145,연간_항목별수입!$B10,'5월'!$H$34:$H$145) -> 0 | H10: =SUMIF('6월'!$D$34:$D$145,연간_항목별수입!$B10,'6월'!$H$34:$H$145) -> 0 | I10: =SUMIF('7월'!$D$34:$D$145,연간_항목별수입!$B10,'7월'!$H$34:$H$145) -> 0 | J10: =SUMIF('8월'!$D$34:$D$145,연간_항목별수입!$B10,'8월'!$H$34:$H$145) -> 0 | K10: =SUMIF('9월'!$D$34:$D$145,연간_항목별수입!$B10,'9월'!$H$34:$H$145) -> 0 | L10: =SUMIF('10월'!$D$34:$D$145,연간_항목별수입!$B10,'10월'!$H$34:$H$145) -> 0 | M10: =SUMIF('11월'!$D$34:$D$145,연간_항목별수입!$B10,'11월'!$H$34:$H$145) -> 0 | N10: =SUMIF('12월'!$D$34:$D$145,연간_항목별수입!$B10,'12월'!$H$34:$H$145) -> 0 | O10: =SUM(C10:N10) -> 10000 | P10: =O10/12 -> 833.33333
B11: =IF(항목!C12="","",항목!C12) -> 기타 수입 | C11: =SUMIF('1월'!$D$34:$D$145,연간_항목별수입!$B11,'1월'!$H$34:$H$145) -> 0 | D11: =SUMIF('2월'!$D$34:$D$145,연간_항목별수입!$B11,'2월'!$H$34:$H$145) -> 0 | E11: =SUMIF('3월'!$D$34:$D$145,연간_항목별수입!$B11,'3월'!$H$34:$H$145) -> 0 | F11: =SUMIF('4월'!$D$34:$D$145,연간_항목별수입!$B11,'4월'!$H$34:$H$145) -> 0 | G11: =SUMIF('5월'!$D$34:$D$145,연간_항목별수입!$B11,'5월'!$H$34:$H$145) -> 0 | H11: =SUMIF('6월'!$D$34:$D$145,연간_항목별수입!$B11,'6월'!$H$34:$H$145) -> 0 | I11: =SUMIF('7월'!$D$34:$D$145,연간_항목별수입!$B11,'7월'!$H$34:$H$145) -> 0 | J11: =SUMIF('8월'!$D$34:$D$145,연간_항목별수입!$B11,'8월'!$H$34:$H$145) -> 0 | K11: =SUMIF('9월'!$D$34:$D$145,연간_항목별수입!$B11,'9월'!$H$34:$H$145) -> 0 | L11: =SUMIF('10월'!$D$34:$D$145,연간_항목별수입!$B11,'10월'!$H$34:$H$145) -> 0 | M11: =SUMIF('11월'!$D$34:$D$145,연간_항목별수입!$B11,'11월'!$H$34:$H$145) -> 0 | N11: =SUMIF('12월'!$D$34:$D$145,연간_항목별수입!$B11,'12월'!$H$34:$H$145) -> 0 | O11: =SUM(C11:N11) -> 0 | P11: =O11/12 -> 0
B12: =IF(항목!C13="","",항목!C13) | C12: =SUMIF('1월'!$D$34:$D$145,연간_항목별수입!$B12,'1월'!$H$34:$H$145) -> 0 | D12: =SUMIF('2월'!$D$34:$D$145,연간_항목별수입!$B12,'2월'!$H$34:$H$145) -> 0 | E12: =SUMIF('3월'!$D$34:$D$145,연간_항목별수입!$B12,'3월'!$H$34:$H$145) -> 0 | F12: =SUMIF('4월'!$D$34:$D$145,연간_항목별수입!$B12,'4월'!$H$34:$H$145) -> 0 | G12: =SUMIF('5월'!$D$34:$D$145,연간_항목별수입!$B12,'5월'!$H$34:$H$145) -> 0 | H12: =SUMIF('6월'!$D$34:$D$145,연간_항목별수입!$B12,'6월'!$H$34:$H$145) -> 0 | I12: =SUMIF('7월'!$D$34:$D$145,연간_항목별수입!$B12,'7월'!$H$34:$H$145) -> 0 | J12: =SUMIF('8월'!$D$34:$D$145,연간_항목별수입!$B12,'8월'!$H$34:$H$145) -> 0 | K12: =SUMIF('9월'!$D$34:$D$145,연간_항목별수입!$B12,'9월'!$H$34:$H$145) -> 0 | L12: =SUMIF('10월'!$D$34:$D$145,연간_항목별수입!$B12,'10월'!$H$34:$H$145) -> 0 | M12: =SUMIF('11월'!$D$34:$D$145,연간_항목별수입!$B12,'11월'!$H$34:$H$145) -> 0 | N12: =SUMIF('12월'!$D$34:$D$145,연간_항목별수입!$B12,'12월'!$H$34:$H$145) -> 0 | O12: =SUM(C12:N12) -> 0 | P12: =O12/12 -> 0
B13: =IF(항목!C14="","",항목!C14) | C13: =SUMIF('1월'!$D$34:$D$145,연간_항목별수입!$B13,'1월'!$H$34:$H$145) -> 0 | D13: =SUMIF('2월'!$D$34:$D$145,연간_항목별수입!$B13,'2월'!$H$34:$H$145) -> 0 | E13: =SUMIF('3월'!$D$34:$D$145,연간_항목별수입!$B13,'3월'!$H$34:$H$145) -> 0 | F13: =SUMIF('4월'!$D$34:$D$145,연간_항목별수입!$B13,'4월'!$H$34:$H$145) -> 0 | G13: =SUMIF('5월'!$D$34:$D$145,연간_항목별수입!$B13,'5월'!$H$34:$H$145) -> 0 | H13: =SUMIF('6월'!$D$34:$D$145,연간_항목별수입!$B13,'6월'!$H$34:$H$145) -> 0 | I13: =SUMIF('7월'!$D$34:$D$145,연간_항목별수입!$B13,'7월'!$H$34:$H$145) -> 0 | J13: =SUMIF('8월'!$D$34:$D$145,연간_항목별수입!$B13,'8월'!$H$34:$H$145) -> 0 | K13: =SUMIF('9월'!$D$34:$D$145,연간_항목별수입!$B13,'9월'!$H$34:$H$145) -> 0 | L13: =SUMIF('10월'!$D$34:$D$145,연간_항목별수입!$B13,'10월'!$H$34:$H$145) -> 0 | M13: =SUMIF('11월'!$D$34:$D$145,연간_항목별수입!$B13,'11월'!$H$34:$H$145) -> 0 | N13: =SUMIF('12월'!$D$34:$D$145,연간_항목별수입!$B13,'12월'!$H$34:$H$145) -> 0 | O13: =SUM(C13:N13) -> 0 | P13: =O13/12 -> 0
B14: =IF(항목!C15="","",항목!C15) | C14: =SUMIF('1월'!$D$34:$D$145,연간_항목별수입!$B14,'1월'!$H$34:$H$145) -> 0 | D14: =SUMIF('2월'!$D$34:$D$145,연간_항목별수입!$B14,'2월'!$H$34:$H$145) -> 0 | E14: =SUMIF('3월'!$D$34:$D$145,연간_항목별수입!$B14,'3월'!$H$34:$H$145) -> 0 | F14: =SUMIF('4월'!$D$34:$D$145,연간_항목별수입!$B14,'4월'!$H$34:$H$145) -> 0 | G14: =SUMIF('5월'!$D$34:$D$145,연간_항목별수입!$B14,'5월'!$H$34:$H$145) -> 0 | H14: =SUMIF('6월'!$D$34:$D$145,연간_항목별수입!$B14,'6월'!$H$34:$H$145) -> 0 | I14: =SUMIF('7월'!$D$34:$D$145,연간_항목별수입!$B14,'7월'!$H$34:$H$145) -> 0 | J14: =SUMIF('8월'!$D$34:$D$145,연간_항목별수입!$B14,'8월'!$H$34:$H$145) -> 0 | K14: =SUMIF('9월'!$D$34:$D$145,연간_항목별수입!$B14,'9월'!$H$34:$H$145) -> 0 | L14: =SUMIF('10월'!$D$34:$D$145,연간_항목별수입!$B14,'10월'!$H$34:$H$145) -> 0 | M14: =SUMIF('11월'!$D$34:$D$145,연간_항목별수입!$B14,'11월'!$H$34:$H$145) -> 0 | N14: =SUMIF('12월'!$D$34:$D$145,연간_항목별수입!$B14,'12월'!$H$34:$H$145) -> 0 | O14: =SUM(C14:N14) -> 0 | P14: =O14/12 -> 0
B15: =IF(항목!C16="","",항목!C16) | C15: =SUMIF('1월'!$D$34:$D$145,연간_항목별수입!$B15,'1월'!$H$34:$H$145) -> 0 | D15: =SUMIF('2월'!$D$34:$D$145,연간_항목별수입!$B15,'2월'!$H$34:$H$145) -> 0 | E15: =SUMIF('3월'!$D$34:$D$145,연간_항목별수입!$B15,'3월'!$H$34:$H$145) -> 0 | F15: =SUMIF('4월'!$D$34:$D$145,연간_항목별수입!$B15,'4월'!$H$34:$H$145) -> 0 | G15: =SUMIF('5월'!$D$34:$D$145,연간_항목별수입!$B15,'5월'!$H$34:$H$145) -> 0 | H15: =SUMIF('6월'!$D$34:$D$145,연간_항목별수입!$B15,'6월'!$H$34:$H$145) -> 0 | I15: =SUMIF('7월'!$D$34:$D$145,연간_항목별수입!$B15,'7월'!$H$34:$H$145) -> 0 | J15: =SUMIF('8월'!$D$34:$D$145,연간_항목별수입!$B15,'8월'!$H$34:$H$145) -> 0 | K15: =SUMIF('9월'!$D$34:$D$145,연간_항목별수입!$B15,'9월'!$H$34:$H$145) -> 0 | L15: =SUMIF('10월'!$D$34:$D$145,연간_항목별수입!$B15,'10월'!$H$34:$H$145) -> 0 | M15: =SUMIF('11월'!$D$34:$D$145,연간_항목별수입!$B15,'11월'!$H$34:$H$145) -> 0 | N15: =SUMIF('12월'!$D$34:$D$145,연간_항목별수입!$B15,'12월'!$H$34:$H$145) -> 0 | O15: =SUM(C15:N15) -> 0 | P15: =O15/12 -> 0
... B17: =IF(항목!C18="","",항목!C18) | C17: =SUMIF('1월'!$D$34:$D$145,연간_항목별수입!$B17,'1월'!$H$34:$H$145) -> 0 | D17: =SUMIF('2월'!$D$34:$D$145,연간_항목별수입!$B17,'2월'!$H$34:$H$145) -> 0 | E17: =SUMIF('3월'!$D$34:$D$145,연간_항목별수입!$B17,'3월'!$H$34:$H$145) -> 0 | F17: =SUMIF('4월'!$D$34:$D$145,연간_항목별수입!$B17,'4월'!$H$34:$H$145) -> 0 | G17: =SUMIF('5월'!$D$34:$D$145,연간_항목별수입!$B17,'5월'!$H$34:$H$145) -> 0 | H17: =SUMIF('6월'!$D$34:$D$145,연간_항목별수입!$B17,'6월'!$H$34:$H$145) -> 0 | I17: =SUMIF('7월'!$D$34:$D$145,연간_항목별수입!$B17,'7월'!$H$34:$H$145) -> 0 | J17: =SUMIF('8월'!$D$34:$D$145,연간_항목별수입!$B17,'8월'!$H$34:$H$145) -> 0 | K17: =SUMIF('9월'!$D$34:$D$145,연간_항목별수입!$B17,'9월'!$H$34:$H$145) -> 0 | L17: =SUMIF('10월'!$D$34:$D$145,연간_항목별수입!$B17,'10월'!$H$34:$H$145) -> 0 | M17: =SUMIF('11월'!$D$34:$D$145,연간_항목별수입!$B17,'11월'!$H$34:$H$145) -> 0 | N17: =SUMIF('12월'!$D$34:$D$145,연간_항목별수입!$B17,'12월'!$H$34:$H$145) -> 0 | O17: =SUM(C17:N17) -> 0 | P17: =O17/12 -> 0
B18: 주소득계 | C18: =SUMIF($B$4:$B$17,"*급여*",C4:C17) -> 3500000 | D18: =SUMIF($B$4:$B$17,"*사업*",D4:D17) -> 0 | E18: =SUMIF($B$4:$B$17,"*사업*",E4:E17) -> 0 | F18: =SUMIF($B$4:$B$17,"*사업*",F4:F17) -> 0 | G18: =SUMIF($B$4:$B$17,"*사업*",G4:G17) -> 0 | H18: =SUMIF($B$4:$B$17,"*사업*",H4:H17) -> 0 | I18: =SUMIF($B$4:$B$17,"*사업*",I4:I17) -> 0 | J18: =SUMIF($B$4:$B$17,"*사업*",J4:J17) -> 0 | K18: =SUMIF($B$4:$B$17,"*사업*",K4:K17) -> 0 | ... N18: =SUMIF($B$4:$B$17,"*사업*",N4:N17) -> 0 | O18: =SUM(C18:N18) -> 3500000 | P18: =O18/12 -> 291666.67
B19: 부소득계 | C19: =C20-C18 -> 15000 | D19: =D20-D18 -> 0 | E19: =E20-E18 -> 0 | F19: =F20-F18 -> 0 | G19: =G20-G18 -> 0 | H19: =H20-H18 -> 0 | I19: =I20-I18 -> 0 | J19: =J20-J18 -> 0 | ... N19: =N20-N18 -> 0 | O19: =SUM(C19:N19) -> 15000 | P19: =O19/12 -> 1250
B20: 총계 | C20: =SUM(C4:C11) -> 3515000 | D20: =SUM(D4:D11) -> 0 | E20: =SUM(E4:E11) -> 0 | F20: =SUM(F4:F11) -> 0 | G20: =SUM(G4:G11) -> 0 | H20: =SUM(H4:H11) -> 0 | I20: =SUM(I4:I11) -> 0 | J20: =SUM(J4:J11) -> 0 | ... N20: =SUM(N4:N11) -> 0 | O20: =SUM(C20:N20) -> 3515000 | P20: =O20/12 -> 292916.67
B21: 주소득율 | C21: =IF(C18>0,C18/C20,"") -> 0.99573257 | D21: =IF(D18>0,D18/D20,"") | E21: =IF(E18>0,E18/E20,"") | F21: =IF(F18>0,F18/F20,"") | G21: =IF(G18>0,G18/G20,"") | H21: =IF(H18>0,H18/H20,"") | I21: =IF(I18>0,I18/I20,"") | J21: =IF(J18>0,J18/J20,"") | ... O21: =IF(O18>0,O18/O20,"") -> 0.99573257
B22: 부소득율 | C22: =IF(C19>0,C19/C20,"") -> 0.0042674253 | D22: =IF(D19>0,D19/D20,"") | E22: =IF(E19>0,E19/E20,"") | F22: =IF(F19>0,F19/F20,"") | G22: =IF(G19>0,G19/G20,"") | H22: =IF(H19>0,H19/H20,"") | I22: =IF(I19>0,I19/I20,"") | J22: =IF(J19>0,J19/J20,"") | ... O22: =IF(O19>0,O19/O20,"") -> 0.0042674253
B23: 계 | C23: =SUM(C21:C22) -> 1 | D23: =SUM(D21:D22) -> 0 | E23: =SUM(E21:E22) -> 0 | F23: =SUM(F21:F22) -> 0 | G23: =SUM(G21:G22) -> 0 | H23: =SUM(H21:H22) -> 0 | I23: =SUM(I21:I22) -> 0 | J23: =SUM(J21:J22) -> 0 | ... O23: =SUM(O21:O22) -> 1

Sheet 연간_카드별지출
B1: ◀ 연간 카드별 지출
C3: 1월 | D3: 2월 | E3: 3월 | F3: 4월 | G3: 5월 | H3: 6월 | I3: 7월 | J3: 8월 | K3: 9월 | L3: 10월 | M3: 11월 | N3: 12월 | O3: 계 | P3: 평균
B4: =IF(항목!B4="","",항목!B4) -> 계좌이체 | C4: =SUMIF('1월'!$K$58:$K$145,연간_카드별지출!$B4,'1월'!$R$58:$R$145) -> 100000 | D4: =SUMIF('2월'!$K$58:$K$145,연간_카드별지출!$B4,'2월'!$R$58:$R$145) -> 0 | E4: =SUMIF('3월'!$K$58:$K$145,연간_카드별지출!$B4,'3월'!$R$58:$R$145) -> 0 | F4: =SUMIF('4월'!$K$58:$K$145,연간_카드별지출!$B4,'4월'!$R$58:$R$145) -> 0 | G4: =SUMIF('5월'!$K$58:$K$145,연간_카드별지출!$B4,'5월'!$R$58:$R$145) -> 0 | H4: =SUMIF('6월'!$K$58:$K$145,연간_카드별지출!$B4,'6월'!$R$58:$R$145) -> 0 | I4: =SUMIF('7월'!$K$58:$K$145,연간_카드별지출!$B4,'7월'!$R$58:$R$145) -> 0 | J4: =SUMIF('8월'!$K$58:$K$145,연간_카드별지출!$B4,'8월'!$R$58:$R$145) -> 0 | K4: =SUMIF('9월'!$K$58:$K$145,연간_카드별지출!$B4,'9월'!$R$58:$R$145) -> 0 | L4: =SUMIF('10월'!$K$58:$K$145,연간_카드별지출!$B4,'10월'!$R$58:$R$145) -> 0 | M4: =SUMIF('11월'!$K$58:$K$145,연간_카드별지출!$B4,'11월'!$R$58:$R$145) -> 0 | N4: =SUMIF('12월'!$K$58:$K$145,연간_카드별지출!$B4,'12월'!$R$58:$R$145) -> 0 | O4: =SUM(C4:N4) -> 100000 | P4: =O4/12 -> 8333.3333
B5: =IF(항목!B5="","",항목!B5) -> 현금 | C5: =SUMIF('1월'!$K$58:$K$145,연간_카드별지출!$B5,'1월'!$R$58:$R$145) -> 762000 | D5: =SUMIF('2월'!$K$58:$K$145,연간_카드별지출!$B5,'2월'!$R$58:$R$145) -> 0 | E5: =SUMIF('3월'!$K$58:$K$145,연간_카드별지출!$B5,'3월'!$R$58:$R$145) -> 0 | F5: =SUMIF('4월'!$K$58:$K$145,연간_카드별지출!$B5,'4월'!$R$58:$R$145) -> 0 | G5: =SUMIF('5월'!$K$58:$K$145,연간_카드별지출!$B5,'5월'!$R$58:$R$145) -> 0 | H5: =SUMIF('6월'!$K$58:$K$145,연간_카드별지출!$B5,'6월'!$R$58:$R$145) -> 0 | I5: =SUMIF('7월'!$K$58:$K$145,연간_카드별지출!$B5,'7월'!$R$58:$R$145) -> 0 | J5: =SUMIF('8월'!$K$58:$K$145,연간_카드별지출!$B5,'8월'!$R$58:$R$145) -> 0 | K5: =SUMIF('9월'!$K$58:$K$145,연간_카드별지출!$B5,'9월'!$R$58:$R$145) -> 0 | L5: =SUMIF('10월'!$K$58:$K$145,연간_카드별지출!$B5,'10월'!$R$58:$R$145) -> 0 | M5: =SUMIF('11월'!$K$58:$K$145,연간_카드별지출!$B5,'11월'!$R$58:$R$145) -> 0 | N5: =SUMIF('12월'!$K$58:$K$145,연간_카드별지출!$B5,'12월'!$R$58:$R$145) -> 0 | O5: =SUM(C5:N5) -> 762000 | P5: =O5/12 -> 63500
B6: =IF(항목!B6="","",항목!B6) -> 00신용 | C6: =SUMIF('1월'!$K$58:$K$145,연간_카드별지출!$B6,'1월'!$R$58:$R$145) -> 79400 | D6: =SUMIF('2월'!$K$58:$K$145,연간_카드별지출!$B6,'2월'!$R$58:$R$145) -> 0 | E6: =SUMIF('3월'!$K$58:$K$145,연간_카드별지출!$B6,'3월'!$R$58:$R$145) -> 0 | F6: =SUMIF('4월'!$K$58:$K$145,연간_카드별지출!$B6,'4월'!$R$58:$R$145) -> 0 | G6: =SUMIF('5월'!$K$58:$K$145,연간_카드별지출!$B6,'5월'!$R$58:$R$145) -> 0 | H6: =SUMIF('6월'!$K$58:$K$145,연간_카드별지출!$B6,'6월'!$R$58:$R$145) -> 0 | I6: =SUMIF('7월'!$K$58:$K$145,연간_카드별지출!$B6,'7월'!$R$58:$R$145) -> 0 | J6: =SUMIF('8월'!$K$58:$K$145,연간_카드별지출!$B6,'8월'!$R$58:$R$145) -> 0 | K6: =SUMIF('9월'!$K$58:$K$145,연간_카드별지출!$B6,'9월'!$R$58:$R$145) -> 0 | L6: =SUMIF('10월'!$K$58:$K$145,연간_카드별지출!$B6,'10월'!$R$58:$R$145) -> 0 | M6: =SUMIF('11월'!$K$58:$K$145,연간_카드별지출!$B6,'11월'!$R$58:$R$145) -> 0 | N6: =SUMIF('12월'!$K$58:$K$145,연간_카드별지출!$B6,'12월'!$R$58:$R$145) -> 0 | O6: =SUM(C6:N6) -> 79400 | P6: =O6/12 -> 6616.6667
B7: =IF(항목!B7="","",항목!B7) -> 00체크 | C7: =SUMIF('1월'!$K$58:$K$145,연간_카드별지출!$B7,'1월'!$R$58:$R$145) -> 3700 | D7: =SUMIF('2월'!$K$58:$K$145,연간_카드별지출!$B7,'2월'!$R$58:$R$145) -> 0 | E7: =SUMIF('3월'!$K$58:$K$145,연간_카드별지출!$B7,'3월'!$R$58:$R$145) -> 0 | F7: =SUMIF('4월'!$K$58:$K$145,연간_카드별지출!$B7,'4월'!$R$58:$R$145) -> 0 | G7: =SUMIF('5월'!$K$58:$K$145,연간_카드별지출!$B7,'5월'!$R$58:$R$145) -> 0 | H7: =SUMIF('6월'!$K$58:$K$145,연간_카드별지출!$B7,'6월'!$R$58:$R$145) -> 0 | I7: =SUMIF('7월'!$K$58:$K$145,연간_카드별지출!$B7,'7월'!$R$58:$R$145) -> 0 | J7: =SUMIF('8월'!$K$58:$K$145,연간_카드별지출!$B7,'8월'!$R$58:$R$145) -> 0 | K7: =SUMIF('9월'!$K$58:$K$145,연간_카드별지출!$B7,'9월'!$R$58:$R$145) -> 0 | L7: =SUMIF('10월'!$K$58:$K$145,연간_카드별지출!$B7,'10월'!$R$58:$R$145) -> 0 | M7: =SUMIF('11월'!$K$58:$K$145,연간_카드별지출!$B7,'11월'!$R$58:$R$145) -> 0 | N7: =SUMIF('12월'!$K$58:$K$145,연간_카드별지출!$B7,'12월'!$R$58:$R$145) -> 0 | O7: =SUM(C7:N7) -> 3700 | P7: =O7/12 -> 308.33333
B8: =IF(항목!B8="","",항목!B8) | C8: =SUMIF('1월'!$K$58:$K$145,연간_카드별지출!$B8,'1월'!$R$58:$R$145) -> 0 | D8: =SUMIF('2월'!$K$58:$K$145,연간_카드별지출!$B8,'2월'!$R$58:$R$145) -> 0 | E8: =SUMIF('3월'!$K$58:$K$145,연간_카드별지출!$B8,'3월'!$R$58:$R$145) -> 0 | F8: =SUMIF('4월'!$K$58:$K$145,연간_카드별지출!$B8,'4월'!$R$58:$R$145) -> 0 | G8: =SUMIF('5월'!$K$58:$K$145,연간_카드별지출!$B8,'5월'!$R$58:$R$145) -> 0 | H8: =SUMIF('6월'!$K$58:$K$145,연간_카드별지출!$B8,'6월'!$R$58:$R$145) -> 0 | I8: =SUMIF('7월'!$K$58:$K$145,연간_카드별지출!$B8,'7월'!$R$58:$R$145) -> 0 | J8: =SUMIF('8월'!$K$58:$K$145,연간_카드별지출!$B8,'8월'!$R$58:$R$145) -> 0 | K8: =SUMIF('9월'!$K$58:$K$145,연간_카드별지출!$B8,'9월'!$R$58:$R$145) -> 0 | L8: =SUMIF('10월'!$K$58:$K$145,연간_카드별지출!$B8,'10월'!$R$58:$R$145) -> 0 | M8: =SUMIF('11월'!$K$58:$K$145,연간_카드별지출!$B8,'11월'!$R$58:$R$145) -> 0 | N8: =SUMIF('12월'!$K$58:$K$145,연간_카드별지출!$B8,'12월'!$R$58:$R$145) -> 0 | O8: =SUM(C8:N8) -> 0 | P8: =O8/12 -> 0
B9: =IF(항목!B9="","",항목!B9) | C9: =SUMIF('1월'!$K$58:$K$145,연간_카드별지출!$B9,'1월'!$R$58:$R$145) -> 0 | D9: =SUMIF('2월'!$K$58:$K$145,연간_카드별지출!$B9,'2월'!$R$58:$R$145) -> 0 | E9: =SUMIF('3월'!$K$58:$K$145,연간_카드별지출!$B9,'3월'!$R$58:$R$145) -> 0 | F9: =SUMIF('4월'!$K$58:$K$145,연간_카드별지출!$B9,'4월'!$R$58:$R$145) -> 0 | G9: =SUMIF('5월'!$K$58:$K$145,연간_카드별지출!$B9,'5월'!$R$58:$R$145) -> 0 | H9: =SUMIF('6월'!$K$58:$K$145,연간_카드별지출!$B9,'6월'!$R$58:$R$145) -> 0 | I9: =SUMIF('7월'!$K$58:$K$145,연간_카드별지출!$B9,'7월'!$R$58:$R$145) -> 0 | J9: =SUMIF('8월'!$K$58:$K$145,연간_카드별지출!$B9,'8월'!$R$58:$R$145) -> 0 | K9: =SUMIF('9월'!$K$58:$K$145,연간_카드별지출!$B9,'9월'!$R$58:$R$145) -> 0 | L9: =SUMIF('10월'!$K$58:$K$145,연간_카드별지출!$B9,'10월'!$R$58:$R$145) -> 0 | M9: =SUMIF('11월'!$K$58:$K$145,연간_카드별지출!$B9,'11월'!$R$58:$R$145) -> 0 | N9: =SUMIF('12월'!$K$58:$K$145,연간_카드별지출!$B9,'12월'!$R$58:$R$145) -> 0 | O9: =SUM(C9:N9) -> 0 | P9: =O9/12 -> 0
B10: =IF(항목!B10="","",항목!B10) | C10: =SUMIF('1월'!$K$58:$K$145,연간_카드별지출!$B10,'1월'!$R$58:$R$145) -> 0 | D10: =SUMIF('2월'!$K$58:$K$145,연간_카드별지출!$B10,'2월'!$R$58:$R$145) -> 0 | E10: =SUMIF('3월'!$K$58:$K$145,연간_카드별지출!$B10,'3월'!$R$58:$R$145) -> 0 | F10: =SUMIF('4월'!$K$58:$K$145,연간_카드별지출!$B10,'4월'!$R$58:$R$145) -> 0 | G10: =SUMIF('5월'!$K$58:$K$145,연간_카드별지출!$B10,'5월'!$R$58:$R$145) -> 0 | H10: =SUMIF('6월'!$K$58:$K$145,연간_카드별지출!$B10,'6월'!$R$58:$R$145) -> 0 | I10: =SUMIF('7월'!$K$58:$K$145,연간_카드별지출!$B10,'7월'!$R$58:$R$145) -> 0 | J10: =SUMIF('8월'!$K$58:$K$145,연간_카드별지출!$B10,'8월'!$R$58:$R$145) -> 0 | K10: =SUMIF('9월'!$K$58:$K$145,연간_카드별지출!$B10,'9월'!$R$58:$R$145) -> 0 | L10: =SUMIF('10월'!$K$58:$K$145,연간_카드별지출!$B10,'10월'!$R$58:$R$145) -> 0 | M10: =SUMIF('11월'!$K$58:$K$145,연간_카드별지출!$B10,'11월'!$R$58:$R$145) -> 0 | N10: =SUMIF('12월'!$K$58:$K$145,연간_카드별지출!$B10,'12월'!$R$58:$R$145) -> 0 | O10: =SUM(C10:N10) -> 0 | P10: =O10/12 -> 0
B11: =IF(항목!B11="","",항목!B11) | C11: =SUMIF('1월'!$K$58:$K$145,연간_카드별지출!$B11,'1월'!$R$58:$R$145) -> 0 | D11: =SUMIF('2월'!$K$58:$K$145,연간_카드별지출!$B11,'2월'!$R$58:$R$145) -> 0 | E11: =SUMIF('3월'!$K$58:$K$145,연간_카드별지출!$B11,'3월'!$R$58:$R$145) -> 0 | F11: =SUMIF('4월'!$K$58:$K$145,연간_카드별지출!$B11,'4월'!$R$58:$R$145) -> 0 | G11: =SUMIF('5월'!$K$58:$K$145,연간_카드별지출!$B11,'5월'!$R$58:$R$145) -> 0 | H11: =SUMIF('6월'!$K$58:$K$145,연간_카드별지출!$B11,'6월'!$R$58:$R$145) -> 0 | I11: =SUMIF('7월'!$K$58:$K$145,연간_카드별지출!$B11,'7월'!$R$58:$R$145) -> 0 | J11: =SUMIF('8월'!$K$58:$K$145,연간_카드별지출!$B11,'8월'!$R$58:$R$145) -> 0 | K11: =SUMIF('9월'!$K$58:$K$145,연간_카드별지출!$B11,'9월'!$R$58:$R$145) -> 0 | L11: =SUMIF('10월'!$K$58:$K$145,연간_카드별지출!$B11,'10월'!$R$58:$R$145) -> 0 | M11: =SUMIF('11월'!$K$58:$K$145,연간_카드별지출!$B11,'11월'!$R$58:$R$145) -> 0 | N11: =SUMIF('12월'!$K$58:$K$145,연간_카드별지출!$B11,'12월'!$R$58:$R$145) -> 0 | O11: =SUM(C11:N11) -> 0 | P11: =O11/12 -> 0
B12: =IF(항목!B12="","",항목!B12) | C12: =SUMIF('1월'!$K$58:$K$145,연간_카드별지출!$B12,'1월'!$R$58:$R$145) -> 0 | D12: =SUMIF('2월'!$K$58:$K$145,연간_카드별지출!$B12,'2월'!$R$58:$R$145) -> 0 | E12: =SUMIF('3월'!$K$58:$K$145,연간_카드별지출!$B12,'3월'!$R$58:$R$145) -> 0 | F12: =SUMIF('4월'!$K$58:$K$145,연간_카드별지출!$B12,'4월'!$R$58:$R$145) -> 0 | G12: =SUMIF('5월'!$K$58:$K$145,연간_카드별지출!$B12,'5월'!$R$58:$R$145) -> 0 | H12: =SUMIF('6월'!$K$58:$K$145,연간_카드별지출!$B12,'6월'!$R$58:$R$145) -> 0 | I12: =SUMIF('7월'!$K$58:$K$145,연간_카드별지출!$B12,'7월'!$R$58:$R$145) -> 0 | J12: =SUMIF('8월'!$K$58:$K$145,연간_카드별지출!$B12,'8월'!$R$58:$R$145) -> 0 | K12: =SUMIF('9월'!$K$58:$K$145,연간_카드별지출!$B12,'9월'!$R$58:$R$145) -> 0 | L12: =SUMIF('10월'!$K$58:$K$145,연간_카드별지출!$B12,'10월'!$R$58:$R$145) -> 0 | M12: =SUMIF('11월'!$K$58:$K$145,연간_카드별지출!$B12,'11월'!$R$58:$R$145) -> 0 | N12: =SUMIF('12월'!$K$58:$K$145,연간_카드별지출!$B12,'12월'!$R$58:$R$145) -> 0 | O12: =SUM(C12:N12) -> 0 | P12: =O12/12 -> 0
B13: =IF(항목!B13="","",항목!B13) | C13: =SUMIF('1월'!$K$58:$K$145,연간_카드별지출!$B13,'1월'!$R$58:$R$145) -> 0 | D13: =SUMIF('2월'!$K$58:$K$145,연간_카드별지출!$B13,'2월'!$R$58:$R$145) -> 0 | E13: =SUMIF('3월'!$K$58:$K$145,연간_카드별지출!$B13,'3월'!$R$58:$R$145) -> 0 | F13: =SUMIF('4월'!$K$58:$K$145,연간_카드별지출!$B13,'4월'!$R$58:$R$145) -> 0 | G13: =SUMIF('5월'!$K$58:$K$145,연간_카드별지출!$B13,'5월'!$R$58:$R$145) -> 0 | H13: =SUMIF('6월'!$K$58:$K$145,연간_카드별지출!$B13,'6월'!$R$58:$R$145) -> 0 | I13: =SUMIF('7월'!$K$58:$K$145,연간_카드별지출!$B13,'7월'!$R$58:$R$145) -> 0 | J13: =SUMIF('8월'!$K$58:$K$145,연간_카드별지출!$B13,'8월'!$R$58:$R$145) -> 0 | K13: =SUMIF('9월'!$K$58:$K$145,연간_카드별지출!$B13,'9월'!$R$58:$R$145) -> 0 | L13: =SUMIF('10월'!$K$58:$K$145,연간_카드별지출!$B13,'10월'!$R$58:$R$145) -> 0 | M13: =SUMIF('11월'!$K$58:$K$145,연간_카드별지출!$B13,'11월'!$R$58:$R$145) -> 0 | N13: =SUMIF('12월'!$K$58:$K$145,연간_카드별지출!$B13,'12월'!$R$58:$R$145) -> 0 | O13: =SUM(C13:N13) -> 0 | P13: =O13/12 -> 0
B14: =IF(항목!B14="","",항목!B14) | C14: =SUMIF('1월'!$K$58:$K$145,연간_카드별지출!$B14,'1월'!$R$58:$R$145) -> 0 | D14: =SUMIF('2월'!$K$58:$K$145,연간_카드별지출!$B14,'2월'!$R$58:$R$145) -> 0 | E14: =SUMIF('3월'!$K$58:$K$145,연간_카드별지출!$B14,'3월'!$R$58:$R$145) -> 0 | F14: =SUMIF('4월'!$K$58:$K$145,연간_카드별지출!$B14,'4월'!$R$58:$R$145) -> 0 | G14: =SUMIF('5월'!$K$58:$K$145,연간_카드별지출!$B14,'5월'!$R$58:$R$145) -> 0 | H14: =SUMIF('6월'!$K$58:$K$145,연간_카드별지출!$B14,'6월'!$R$58:$R$145) -> 0 | I14: =SUMIF('7월'!$K$58:$K$145,연간_카드별지출!$B14,'7월'!$R$58:$R$145) -> 0 | J14: =SUMIF('8월'!$K$58:$K$145,연간_카드별지출!$B14,'8월'!$R$58:$R$145) -> 0 | K14: =SUMIF('9월'!$K$58:$K$145,연간_카드별지출!$B14,'9월'!$R$58:$R$145) -> 0 | L14: =SUMIF('10월'!$K$58:$K$145,연간_카드별지출!$B14,'10월'!$R$58:$R$145) -> 0 | M14: =SUMIF('11월'!$K$58:$K$145,연간_카드별지출!$B14,'11월'!$R$58:$R$145) -> 0 | N14: =SUMIF('12월'!$K$58:$K$145,연간_카드별지출!$B14,'12월'!$R$58:$R$145) -> 0 | O14: =SUM(C14:N14) -> 0 | P14: =O14/12 -> 0
